PRACTICE_CODE,RATE_OVERALL
A81001,0.438
A81002,0.138
A81004,0.556
A81005,0.37
A81006,0.072
A81007,0.442
A81009,0.047
A81011,0.764
A81012,0.707
A81013,0.281
A81014,0.042
A81016,0.56
A81017,0.508
A81018,0.945
A81019,0.463
A81020,0.662
A81021,0.46
A81022,0.461
A81023,0.038
A81025,0.682
A81026,0.576
A81027,0.504
A81029,0.6
A81030,0.801
A81031,0.107
A81032,0.532
A81034,0.411
A81035,0.709
A81036,0.911
A81037,0.102
A81038,0.964
A81039,0.522
A81040,0.906
A81041,0.702
A81042,0.595
A81044,0.752
A81045,0.91
A81046,0.653
A81048,0.975
A81049,0.345
A81051,0.551
A81052,0.093
A81053,0.581
A81054,0.77
A81056,0.769
A81057,0.17
A81058,0.211
A81060,0.254
A81063,0.968
A81064,0.575
A81065,0.211
A81066,0.246
A81067,0.965
A81070,0.733
A81602,0.239
A81608,0.611
A81610,0.294
A81611,0.624
A81612,0.87
A81618,0.085
A81621,0.848
A81622,0.784
A81629,0.902
A81630,0.116
A81631,0.659
A81634,0.778
A82003,0.541
A82004,0.737
A82005,0.108
A82006,0.75
A82007,0.166
A82008,0.986
A82009,0.448
A82010,0.204
A82012,0.047
A82013,0.846
A82014,0.653
A82015,0.141
A82016,0.199
A82018,0.796
A82019,0.75
A82020,0.429
A82021,0.746
A82022,0.247
A82023,0.108
A82024,0.449
A82025,0.657
A82026,0.537
A82027,0.723
A82028,0.057
A82029,0.424
A82030,0.933
A82031,0.78
A82032,0.142
A82033,0.902
A82035,0.902
A82036,0.485
A82037,0.125
A82038,0.736
A82039,0.06
A82041,0.59
A82044,0.728
A82045,0.207
A82046,0.977
A82047,0.327
A82053,0.703
A82055,0.571
A82062,0.612
A82064,0.505
A82068,0.676
A82070,0.634
A82071,0.389
A82072,0.275
A82075,0.767
A82077,0.668
A82608,0.391
A82613,0.597
A82617,0.352
A82620,0.363
A82629,0.386
A82631,0.562
A82646,0.73
A82647,0.164
A82650,0.306
A82651,0.663
A82654,0.929
A83001,0.048
A83003,0.299
A83005,0.862
A83006,0.574
A83007,0.929
A83008,0.386
A83009,0.941
A83010,0.34
A83011,0.162
A83012,0.453
A83013,0.109
A83014,0.667
A83015,0.171
A83016,0.587
A83018,0.314
A83020,0.912
A83021,0.507
A83022,0.075
A83023,0.751
A83024,0.361
A83025,0.713
A83026,0.076
A83027,0.886
A83028,0.095
A83029,0.577
A83030,0.598
A83031,0.285
A83032,0.903
A83033,0.914
A83034,0.755
A83035,0.403
A83036,0.254
A83037,0.634
A83038,0.892
A83040,0.348
A83041,0.079
A83043,0.84
A83044,0.931
A83045,0.059
A83046,0.797
A83047,0.17
A83048,0.578
A83049,0.242
A83050,0.562
A83051,0.576
A83052,0.662
A83054,0.767
A83055,0.797
A83057,0.213
A83060,0.552
A83061,0.563
A83066,0.037
A83070,0.317
A83071,0.383
A83072,0.648
A83073,0.897
A83074,0.461
A83075,0.11
A83610,0.117
A83616,0.551
A83617,0.175
A83618,0.895
A83619,0.616
A83622,0.254
A83626,0.992
A83627,0.183
A83634,0.132
A83635,0.913
A83636,0.705
A83637,0.513
A83641,0.74
A83644,0.81
A84002,0.52
A84005,0.244
A84006,0.906
A84007,0.257
A84008,0.585
A84009,0.786
A84011,0.33
A84013,0.682
A84014,0.005
A84016,0.132
A84018,0.802
A84020,0.842
A84022,0.419
A84024,0.794
A84025,0.733
A84026,0.082
A84027,0.53
A84028,0.62
A84029,0.134
A84030,0.124
A84031,0.023
A84033,0.065
A84034,0.764
A84035,0.665
A84036,0.572
A84037,0.813
A84038,0.845
A84039,0.8
A84040,0.772
A84042,0.793
A84044,0.13
A84045,0.864
A84047,0.559
A84604,0.033
A84614,0.715
A84619,0.622
A85001,0.663
A85002,0.796
A85004,0.16
A85005,0.429
A85006,0.496
A85007,0.715
A85008,0.362
A85009,0.2
A85010,0.728
A85011,0.249
A85013,0.196
A85014,0.945
A85016,0.93
A85017,0.208
A85018,0.692
A85019,0.47
A85020,0.309
A85021,0.132
A85023,0.686
A85024,0.314
A85026,0.511
A85611,0.669
A85614,0.21
A85616,0.959
A85617,0.501
A86003,0.847
A86004,0.749
A86005,0.012
A86006,0.193
A86008,0.408
A86010,0.264
A86011,0.135
A86012,0.465
A86013,0.97
A86016,0.706
A86017,0.435
A86018,0.117
A86020,0.251
A86021,0.407
A86022,0.772
A86023,0.534
A86024,0.721
A86025,0.266
A86026,0.252
A86027,0.825
A86028,0.949
A86029,0.772
A86030,0.265
A86031,0.406
A86033,0.641
A86036,0.67
A86037,0.628
A86038,0.795
A86040,0.677
A86041,0.461
A86601,0.315
A87002,0.463
A87004,0.764
A87005,0.118
A87006,0.845
A87007,0.971
A87008,0.743
A87009,0.383
A87011,0.911
A87012,0.046
A87013,0.179
A87016,0.418
A87017,0.222
A87019,0.828
A87020,0.181
A87022,0.126
A87023,0.24
A87029,0.806
A87030,0.47
A87600,0.254
A87612,0.923
A87615,0.252
A88001,0.727
A88002,0.488
A88003,0.424
A88004,0.722
A88005,0.382
A88006,0.045
A88007,0.485
A88008,0.454
A88009,0.315
A88010,0.982
A88012,0.14
A88013,0.202
A88014,0.067
A88015,0.114
A88016,0.004
A88022,0.258
A88023,0.584
A88025,0.883
A88601,0.636
A88608,0.298
A88613,0.807
A89001,0.336
A89002,0.202
A89004,0.061
A89005,0.678
A89006,0.591
A89007,0.6
A89008,0.359
A89009,0.028
A89010,0.65
A89011,0.844
A89012,0.953
A89013,0.199
A89015,0.059
A89016,0.742
A89017,0.048
A89018,0.642
A89019,0.979
A89020,0.39
A89021,0.124
A89022,0.962
A89023,0.954
A89024,0.21
A89025,0.95
A89026,0.611
A89027,0.073
A89028,0.565
A89030,0.935
A89031,0.127
A89032,0.736
A89034,0.594
A89035,0.509
A89036,0.912
A89040,0.903
A89041,0.047
A89614,0.359
A89616,0.708
A89617,0.715
A89623,0.911
B81003,0.375
B81004,0.533
B81005,0.391
B81006,0.68
B81007,0.236
B81008,0.629
B81009,0.016
B81011,0.33
B81012,0.577
B81013,0
B81015,0.265
B81016,0.119
B81018,0.525
B81020,0.422
B81022,0.598
B81024,0.347
B81025,0.66
B81026,0.301
B81027,0.442
B81029,0.588
B81030,0.642
B81031,0.141
B81032,0.256
B81034,0.089
B81035,0.572
B81036,0.391
B81037,0.205
B81038,0.136
B81039,0.586
B81040,0.389
B81041,0.185
B81042,0.431
B81043,0.026
B81045,0.456
B81046,0.689
B81047,0.152
B81048,0.06
B81051,0.416
B81052,0.227
B81054,0.159
B81058,0.408
B81061,0.481
B81064,0.507
B81065,0.68
B81068,0.106
B81069,0.267
B81074,0.014
B81075,0.412
B81082,0.234
B81085,0.594
B81087,0.608
B81088,0.375
B81090,0.514
B81091,0.091
B81092,0.39
B81097,0.34
B81099,0.679
B81100,0.459
B81101,0.211
B81104,0.558
B81108,0.318
B81109,0.367
B81112,0.321
B81113,0.481
B81118,0.43
B81119,0.659
B81603,0.319
B81606,0.271
B81616,0.599
B81617,0.29
B81619,0.5
B81628,0.075
B81631,0.352
B81635,0.441
B81642,0.509
B81647,0.149
B81648,0.663
B81653,0.126
B81655,0.679
B81656,0.678
B81663,0.422
B81665,0.226
B81666,0.437
B81675,0.123
B81697,0.207
B82002,0.202
B82004,0.32
B82005,0.179
B82007,0.15
B82008,0.572
B82010,0.147
B82011,0.16
B82012,0.314
B82013,0.331
B82014,0.147
B82016,0.299
B82017,0.017
B82018,0.147
B82019,0.022
B82021,0.625
B82022,0.322
B82023,0.13
B82024,0.383
B82025,0.638
B82026,0.006
B82027,0.466
B82029,0.288
B82030,0.439
B82031,0.371
B82032,0.588
B82033,0.354
B82034,0.048
B82035,0.414
B82036,0.544
B82037,0.686
B82038,0.329
B82041,0.289
B82042,0.417
B82044,0.073
B82045,0.645
B82046,0.478
B82047,0.109
B82049,0.285
B82050,0.29
B82053,0.685
B82054,0.274
B82057,0.113
B82059,0.356
B82060,0.624
B82061,0.647
B82063,0.088
B82064,0.547
B82066,0.194
B82067,0.352
B82068,0.611
B82069,0.328
B82071,0.287
B82072,0.345
B82073,0.081
B82074,0.414
B82075,0.672
B82077,0.015
B82078,0.027
B82079,0.115
B82080,0.32
B82081,0.047
B82083,0.378
B82086,0.191
B82088,0.46
B82091,0.029
B82097,0.187
B82098,0.579
B82100,0.532
B82101,0.334
B82104,0.012
B82105,0.482
B82106,0.242
B82609,0.41
B82619,0.229
B82622,0.172
B82628,0.156
B83002,0.068
B83005,0.214
B83008,0.614
B83009,0.034
B83010,0.116
B83012,0.699
B83014,0.494
B83015,0.287
B83016,0.694
B83018,0.607
B83019,0.188
B83020,0.428
B83022,0.069
B83025,0.497
B83026,0.473
B83028,0.582
B83029,0.08
B83031,0.15
B83032,0.172
B83033,0.507
B83034,0.284
B83035,0.299
B83037,0.196
B83038,0.303
B83039,0.184
B83041,0.336
B83042,0.088
B83045,0.299
B83051,0.027
B83052,0.184
B83054,0.215
B83055,0.205
B83056,0.499
B83058,0.374
B83062,0.156
B83063,0.535
B83064,0.435
B83067,0.485
B83604,0.238
B83611,0.078
B83614,0.512
B83620,0.368
B83621,0.454
B83622,0.426
B83624,0.097
B83626,0.275
B83627,0.361
B83628,0.476
B83629,0.393
B83641,0.191
B83642,0.583
B83653,0.234
B83657,0.471
B83659,0.421
B83660,0.148
B83661,0.407
B84001,0.055
B84003,0.59
B84004,0.591
B84006,0.554
B84007,0.385
B84008,0.042
B84009,0.223
B84010,0.209
B84011,0.121
B84012,0.565
B84013,0.584
B84014,0.005
B84016,0.65
B84019,0.224
B84021,0.675
B84612,0.27
B84613,0.231
B84618,0.658
B84623,0.308
B85001,0.674
B85002,0.329
B85004,0.454
B85005,0.382
B85006,0.073
B85008,0.605
B85009,0.062
B85010,0.016
B85012,0.317
B85014,0.085
B85015,0.226
B85016,0.43
B85018,0.137
B85019,0.13
B85020,0.162
B85021,0.132
B85022,0.093
B85023,0.246
B85024,0.446
B85025,0.659
B85026,0.089
B85027,0.171
B85028,0.203
B85030,0.268
B85031,0.622
B85032,0.534
B85033,0.564
B85036,0.005
B85037,0.424
B85038,0.607
B85041,0.083
B85042,0.583
B85044,0.547
B85048,0.121
B85051,0.127
B85054,0.316
B85055,0.011
B85058,0.442
B85059,0.55
B85060,0.641
B85061,0.117
B85062,0.481
B85606,0.086
B85610,0.007
B85611,0.565
B85612,0.616
B85614,0.19
B85619,0.644
B85620,0.044
B85623,0.045
B85634,0.379
B85636,0.15
B85640,0.349
B85641,0.491
B85645,0.21
B85646,0.293
B85650,0.096
B85652,0.349
B85655,0.076
B85659,0.622
B85660,0.467
B86002,0.688
B86003,0.281
B86004,0.666
B86005,0.665
B86006,0.503
B86007,0.521
B86008,0.629
B86009,0.428
B86010,0.438
B86011,0.192
B86012,0.615
B86013,0.418
B86014,0.365
B86015,0.227
B86016,0.259
B86017,0.548
B86018,0.401
B86019,0.134
B86020,0.495
B86022,0.69
B86024,0.076
B86025,0.146
B86028,0.142
B86029,0.045
B86030,0.107
B86032,0.249
B86033,0.124
B86034,0.525
B86035,0.004
B86036,0.326
B86038,0.056
B86039,0.5
B86041,0.467
B86042,0.57
B86043,0.151
B86044,0.43
B86048,0.427
B86049,0.039
B86050,0.409
B86051,0.247
B86052,0.261
B86054,0.369
B86055,0.509
B86056,0.053
B86057,0.679
B86059,0.562
B86060,0.4
B86061,0.165
B86062,0.308
B86064,0.252
B86066,0.511
B86067,0.08
B86068,0.691
B86069,0.629
B86070,0.279
B86071,0.583
B86075,0.652
B86081,0.222
B86086,0.396
B86089,0.048
B86092,0.085
B86093,0.139
B86094,0.31
B86096,0.464
B86100,0.077
B86101,0.448
B86103,0.555
B86104,0.214
B86106,0.043
B86108,0.326
B86109,0.152
B86110,0.66
B86623,0.409
B86625,0.071
B86642,0.206
B86643,0.451
B86648,0.613
B86654,0.643
B86655,0.391
B86658,0.653
B86666,0.539
B86667,0.321
B86669,0.64
B86672,0.418
B86673,0.149
B86675,0.648
B86678,0.517
B87001,0.574
B87002,0.49
B87003,0.473
B87004,0.147
B87005,0.362
B87006,0.077
B87007,0.506
B87008,0.117
B87009,0.491
B87011,0.446
B87012,0.651
B87013,0.326
B87015,0.233
B87016,0.138
B87017,0.259
B87018,0.407
B87019,0.127
B87020,0.411
B87021,0.632
B87022,0.676
B87025,0.565
B87026,0.243
B87027,0.2
B87028,0.009
B87030,0.191
B87031,0.492
B87032,0.099
B87033,0.615
B87036,0.266
B87039,0
B87042,0.209
B87044,0.292
B87602,0.284
B87604,0.277
C81001,0.201
C81002,0.205
C81003,0.339
C81004,0.21
C81005,0.236
C81006,0.155
C81007,0.432
C81008,0.038
C81009,0.048
C81010,0.036
C81012,0.347
C81013,0.139
C81014,0.219
C81015,0.37
C81016,0.405
C81017,0.363
C81018,0.293
C81020,0.234
C81021,0.156
C81022,0.313
C81023,0.232
C81025,0.25
C81026,0.171
C81027,0.335
C81028,0.417
C81029,0.225
C81030,0.422
C81031,0.026
C81032,0.433
C81033,0.264
C81034,0.059
C81035,0.308
C81036,0.186
C81037,0.16
C81038,0.356
C81039,0.075
C81040,0.223
C81041,0.166
C81042,0.181
C81044,0.279
C81045,0.128
C81046,0.123
C81047,0.038
C81048,0.306
C81049,0
C81050,0.113
C81051,0.305
C81052,0.44
C81053,0.071
C81054,0.174
C81055,0.241
C81056,0.187
C81057,0.153
C81058,0.109
C81059,0.199
C81060,0.339
C81061,0.254
C81062,0.153
C81063,0.286
C81064,0.357
C81065,0.432
C81066,0.031
C81067,0.061
C81068,0.116
C81069,0.088
C81070,0.057
C81071,0.29
C81072,0.045
C81073,0.243
C81074,0.162
C81075,0.103
C81077,0.448
C81080,0.143
C81081,0.1
C81082,0.303
C81083,0.116
C81084,0.181
C81086,0.238
C81089,0.167
C81091,0.359
C81092,0.157
C81094,0.36
C81095,0.001
C81096,0.209
C81097,0.184
C81099,0.204
C81101,0.397
C81106,0.426
C81108,0.063
C81110,0.228
C81113,0.295
C81114,0.131
C81115,0.321
C81118,0.287
C81604,0.045
C81611,0.256
C81615,0.142
C81616,0.243
C81634,0.37
C81638,0.345
C81640,0.13
C81647,0.402
C81649,0.064
C81652,0.43
C81653,0.23
C81655,0.154
C81658,0.292
C81662,0.273
C82001,0.439
C82002,0.325
C82003,0.234
C82005,0.4
C82007,0.108
C82008,0.313
C82009,0.015
C82010,0.345
C82011,0.429
C82012,0.054
C82013,0.319
C82014,0.289
C82016,0.07
C82017,0.22
C82018,0.285
C82019,0.059
C82020,0.09
C82021,0.362
C82022,0.329
C82024,0.392
C82025,0.087
C82026,0.035
C82027,0.026
C82028,0.109
C82030,0.293
C82031,0.153
C82032,0.423
C82033,0.193
C82034,0.377
C82035,0.332
C82037,0.3
C82038,0.262
C82039,0.349
C82040,0.232
C82041,0.374
C82042,0.052
C82043,0.272
C82044,0.237
C82045,0.433
C82046,0.283
C82047,0.118
C82048,0.353
C82050,0.177
C82051,0.272
C82052,0.187
C82053,0.259
C82054,0.274
C82055,0.317
C82056,0.24
C82059,0.013
C82060,0.043
C82061,0.288
C82062,0.238
C82063,0.275
C82064,0.161
C82066,0.443
C82067,0.119
C82068,0.082
C82070,0.402
C82071,0.16
C82072,0.01
C82073,0.228
C82075,0.175
C82076,0.402
C82077,0.295
C82078,0.386
C82079,0.283
C82080,0.433
C82082,0.367
C82084,0.111
C82086,0.45
C82088,0.233
C82091,0.071
C82092,0.155
C82093,0.282
C82094,0.173
C82095,0.437
C82096,0.264
C82097,0.226
C82098,0.085
C82099,0.003
C82100,0.332
C82102,0.103
C82103,0.267
C82107,0.223
C82109,0.122
C82111,0.304
C82112,0.174
C82114,0.377
C82116,0.321
C82119,0.279
C82120,0.104
C82121,0.427
C82124,0.076
C82600,0.255
C82610,0.211
C82611,0.263
C82614,0.331
C82620,0.057
C82624,0.143
C82627,0.311
C82628,0.262
C82631,0.293
C82634,0.37
C82639,0.308
C82642,0.075
C82643,0.029
C82644,0.232
C82649,0.149
C82650,0.407
C82651,0.164
C82653,0.407
C82656,0.435
C82659,0.385
C82660,0.047
C82662,0.145
C82667,0.278
C82669,0.068
C82670,0.289
C82671,0.345
C82676,0.035
C82678,0.396
C82680,0.315
C83001,0.018
C83002,0.343
C83003,0.061
C83004,0.303
C83005,0.208
C83007,0.184
C83008,0.162
C83009,0.109
C83010,0.321
C83011,0.219
C83013,0.252
C83014,0
C83015,0.301
C83018,0.083
C83019,0.411
C83020,0.051
C83022,0.007
C83023,0.05
C83024,0.213
C83025,0.241
C83026,0.084
C83027,0.013
C83028,0.142
C83029,0.234
C83030,0.438
C83031,0.007
C83032,0.132
C83033,0.408
C83035,0.121
C83036,0.396
C83037,0.289
C83038,0.367
C83039,0.076
C83040,0.13
C83041,0.008
C83042,0.139
C83043,0.14
C83044,0.104
C83045,0.227
C83046,0.132
C83048,0.078
C83049,0.438
C83051,0.396
C83052,0.105
C83053,0.217
C83054,0.378
C83055,0.438
C83056,0.244
C83057,0.08
C83058,0.408
C83059,0.131
C83060,0.421
C83061,0.24
C83062,0.171
C83063,0.054
C83064,0.229
C83065,0.014
C83067,0.369
C83072,0.052
C83073,0.299
C83074,0.056
C83075,0.292
C83078,0.211
C83079,0.189
C83080,0.18
C83082,0.067
C83083,0.363
C83085,0.323
C83611,0.216
C83613,0.165
C83614,0.248
C83617,0.355
C83626,0.042
C83634,0.079
C83635,0.285
C83641,0.009
C83643,0.004
C83649,0.406
C83650,0.104
C83653,0.006
C84001,0.155
C84004,0.013
C84005,0.024
C84008,0.126
C84009,0.216
C84010,0.056
C84011,0.255
C84012,0.087
C84013,0.292
C84014,0.27
C84016,0.07
C84017,0.405
C84018,0.338
C84019,0.397
C84020,0.314
C84021,0.425
C84023,0.26
C84024,0.426
C84025,0.249
C84026,0.045
C84028,0.001
C84029,0.053
C84030,0.104
C84031,0.037
C84032,0.201
C84033,0.226
C84034,0.362
C84035,0.196
C84036,0.414
C84037,0.184
C84039,0.014
C84042,0.248
C84043,0.311
C84044,0.268
C84045,0.437
C84046,0.089
C84047,0.358
C84049,0.039
C84051,0.391
C84053,0.266
C84055,0.271
C84057,0.082
C84059,0.361
C84060,0.171
C84061,0.402
C84063,0.098
C84064,0.183
C84065,0.15
C84066,0.162
C84067,0.27
C84069,0.022
C84072,0.039
C84074,0.329
C84076,0.298
C84077,0.339
C84078,0.352
C84080,0.435
C84081,0.094
C84084,0.388
C84085,0.257
C84086,0.277
C84087,0.106
C84090,0.302
C84091,0.203
C84092,0.038
C84094,0.309
C84095,0.155
C84101,0.362
C84103,0.07
C84105,0.002
C84106,0.205
C84107,0.129
C84112,0.135
C84113,0.278
C84114,0.438
C84115,0.398
C84116,0.41
C84117,0.091
C84120,0.315
C84122,0.423
C84123,0.162
C84127,0.05
C84129,0.32
C84131,0.438
C84136,0.014
C84140,0.375
C84142,0.253
C84144,0.366
C84150,0.117
C84151,0.336
C84605,0.293
C84613,0.243
C84619,0.335
C84621,0.059
C84624,0.371
C84628,0.252
C84629,0.348
C84637,0.378
C84646,0.382
C84654,0.446
C84656,0.196
C84658,0.011
C84660,0.121
C84664,0.265
C84667,0.113
C84676,0.108
C84679,0.133
C84682,0.323
C84683,0.143
C84691,0.115
C84692,0.063
C84693,0.15
C84694,0.299
C84695,0.147
C84696,0.375
C84703,0.029
C84704,0.17
C84705,0.412
C84714,0.007
C84720,0.051
C85001,0.092
C85003,0.433
C85004,0.261
C85005,0.252
C85006,0.151
C85007,0.083
C85008,0.437
C85009,0.313
C85010,0
C85013,0.265
C85014,0.216
C85016,0.088
C85017,0.164
C85018,0.041
C85019,0.078
C85020,0.334
C85022,0.444
C85023,0.318
C85024,0.301
C85028,0.263
C85030,0.114
C85033,0.061
C85614,0.424
C85619,0.105
C85622,0.122
C85623,0.323
C86001,0.125
C86002,0.207
C86003,0.283
C86005,0.072
C86006,0.025
C86007,0.163
C86009,0.355
C86011,0.074
C86012,0.399
C86013,0.34
C86015,0.433
C86016,0.092
C86017,0.12
C86018,0.279
C86019,0.282
C86020,0.392
C86021,0.003
C86023,0.144
C86024,0.349
C86025,0.089
C86026,0.155
C86029,0.312
C86032,0.422
C86033,0.303
C86034,0.323
C86037,0.196
C86038,0.429
C86605,0.068
C86606,0.419
C86609,0.211
C86611,0.399
C86614,0.299
C86616,0.002
C86621,0.338
C86625,0.445
C86626,0.378
C87002,0.401
C87003,0.301
C87004,0.41
C87005,0.153
C87006,0.248
C87007,0.132
C87008,0.252
C87009,0.109
C87010,0.197
C87012,0.303
C87013,0.207
C87014,0.21
C87015,0.047
C87016,0.261
C87017,0.284
C87018,0.309
C87020,0.318
C87022,0.199
C87024,0.312
C87029,0.367
C87030,0.394
C87031,0.116
C87603,0.398
C87604,0.177
C87608,0.119
C87616,0.182
C87620,0.446
C87622,0.194
C88005,0.344
C88006,0.191
C88007,0.08
C88008,0.179
C88009,0.222
C88010,0.06
C88011,0.314
C88014,0.148
C88015,0.383
C88016,0.403
C88018,0.187
C88019,0.265
C88020,0.026
C88021,0.113
C88022,0.402
C88023,0.343
C88025,0.018
C88026,0.096
C88027,0.094
C88028,0.275
C88030,0.442
C88031,0.421
C88032,0.206
C88034,0.024
C88035,0.107
C88036,0.398
C88037,0.164
C88038,0.319
C88039,0.438
C88040,0.375
C88041,0.35
C88043,0.121
C88044,0.432
C88045,0.345
C88046,0.194
C88047,0.094
C88048,0.295
C88049,0.204
C88050,0.248
C88051,0.405
C88052,0.087
C88053,0.346
C88054,0.437
C88059,0.09
C88060,0.059
C88062,0.343
C88069,0.244
C88070,0.041
C88072,0.409
C88073,0.119
C88074,0.4
C88076,0.285
C88077,0.117
C88078,0.326
C88079,0.317
C88082,0.343
C88083,0.06
C88084,0.26
C88085,0.15
C88086,0.247
C88087,0.311
C88088,0.42
C88090,0.311
C88091,0.346
C88092,0.01
C88095,0.293
C88622,0.128
C88627,0.296
C88631,0.392
C88647,0.228
C88648,0.284
C88652,0.364
C88655,0.102
D81001,0.645
D81002,0.751
D81003,0.546
D81004,0.765
D81005,0.715
D81008,0.618
D81010,0.731
D81011,0.517
D81012,0.582
D81013,0.639
D81014,0.515
D81015,0.614
D81016,0.658
D81017,0.58
D81018,0.561
D81021,0.525
D81022,0.73
D81023,0.633
D81025,0.54
D81026,0.61
D81027,0.724
D81028,0.628
D81029,0.702
D81030,0.646
D81031,0.623
D81033,0.573
D81034,0.544
D81035,0.679
D81036,0.615
D81037,0.53
D81038,0.554
D81041,0.563
D81042,0.712
D81043,0.526
D81044,0.632
D81045,0.629
D81046,0.566
D81047,0.571
D81049,0.733
D81050,0.578
D81051,0.712
D81052,0.65
D81054,0.689
D81055,0.664
D81056,0.579
D81057,0.747
D81058,0.585
D81059,0.559
D81060,0.597
D81061,0.721
D81062,0.732
D81064,0.538
D81065,0.628
D81066,0.786
D81070,0.634
D81073,0.788
D81078,0.551
D81081,0.726
D81082,0.608
D81084,0.749
D81085,0.586
D81086,0.669
D81602,0.657
D81603,0.755
D81606,0.774
D81607,0.76
D81611,0.663
D81612,0.78
D81615,0.765
D81618,0.72
D81622,0.659
D81625,0.707
D81629,0.639
D81630,0.602
D81631,0.752
D81633,0.59
D81637,0.589
D81645,0.599
D82001,0.72
D82002,0.556
D82003,0.758
D82004,0.69
D82005,0.61
D82006,0.678
D82007,0.504
D82008,0.787
D82009,0.509
D82010,0.726
D82011,0.614
D82012,0.742
D82013,0.708
D82015,0.552
D82016,0.753
D82017,0.653
D82018,0.783
D82019,0.724
D82020,0.601
D82022,0.576
D82023,0.607
D82024,0.763
D82025,0.655
D82026,0.798
D82027,0.789
D82028,0.574
D82029,0.5
D82030,0.69
D82031,0.501
D82032,0.544
D82034,0.735
D82035,0.511
D82036,0.586
D82037,0.591
D82038,0.604
D82039,0.748
D82040,0.701
D82041,0.586
D82042,0.669
D82043,0.682
D82044,0.637
D82045,0.679
D82046,0.625
D82047,0.55
D82048,0.511
D82049,0.514
D82050,0.568
D82051,0.722
D82053,0.588
D82054,0.518
D82056,0.76
D82057,0.537
D82058,0.588
D82059,0.722
D82060,0.675
D82062,0.574
D82063,0.52
D82064,0.508
D82065,0.766
D82066,0.704
D82067,0.551
D82068,0.765
D82070,0.696
D82071,0.567
D82072,0.585
D82073,0.533
D82076,0.573
D82078,0.766
D82079,0.69
D82080,0.554
D82084,0.777
D82085,0.698
D82087,0.705
D82088,0.724
D82096,0.745
D82099,0.506
D82100,0.515
D82104,0.576
D82105,0.781
D82106,0.753
D82600,0.517
D82604,0.51
D82618,0.566
D82621,0.611
D82624,0.776
D82628,0.611
D83001,0.567
D83002,0.626
D83003,0.758
D83004,0.583
D83005,0.582
D83006,0.526
D83007,0.657
D83008,0.697
D83009,0.781
D83010,0.651
D83011,0.62
D83012,0.696
D83013,0.551
D83014,0.569
D83015,0.734
D83016,0.756
D83017,0.718
D83018,0.555
D83019,0.771
D83020,0.672
D83021,0.517
D83022,0.573
D83023,0.527
D83024,0.701
D83026,0.543
D83027,0.711
D83028,0.784
D83029,0.711
D83030,0.643
D83033,0.606
D83034,0.583
D83035,0.703
D83037,0.509
D83038,0.727
D83040,0.567
D83041,0.559
D83043,0.727
D83044,0.749
D83045,0.796
D83046,0.775
D83047,0.688
D83048,0.67
D83049,0.693
D83050,0.685
D83051,0.639
D83053,0.756
D83054,0.624
D83055,0.693
D83056,0.55
D83057,0.691
D83059,0.598
D83060,0.627
D83061,0.722
D83062,0.742
D83064,0.506
D83067,0.651
D83069,0.61
D83070,0.632
D83073,0.654
D83074,0.652
D83075,0.736
D83076,0.694
D83078,0.587
D83079,0.635
D83080,0.554
D83081,0.762
D83084,0.647
D83608,0.796
D83610,0.503
E81001,0.524
E81002,0.535
E81003,0.793
E81004,0.578
E81005,0.569
E81006,0.537
E81007,0.681
E81008,0.616
E81009,0.564
E81010,0.671
E81012,0.553
E81013,0.544
E81014,0.757
E81015,0.743
E81016,0.71
E81018,0.721
E81019,0.642
E81021,0.504
E81022,0.518
E81024,0.542
E81025,0.717
E81026,0.751
E81027,0.683
E81028,0.743
E81029,0.51
E81030,0.687
E81031,0.705
E81032,0.733
E81033,0.772
E81034,0.759
E81035,0.641
E81036,0.797
E81037,0.592
E81038,0.616
E81040,0.667
E81041,0.576
E81043,0.589
E81044,0.514
E81045,0.679
E81046,0.797
E81047,0.799
E81048,0.665
E81049,0.627
E81050,0.671
E81052,0.768
E81057,0.784
E81060,0.593
E81061,0.77
E81063,0.745
E81064,0.688
E81069,0.672
E81073,0.661
E81074,0.507
E81076,0.798
E81077,0.7
E81612,0.773
E81615,0.619
E81617,0.733
E81631,0.678
E81632,0.72
E81633,0.6
E81635,0.674
E82001,0.674
E82002,0.688
E82004,0.79
E82005,0.633
E82006,0.535
E82007,0.716
E82008,0.613
E82009,0.611
E82012,0.518
E82013,0.759
E82014,0.759
E82015,0.533
E82017,0.508
E82018,0.781
E82019,0.727
E82020,0.724
E82021,0.732
E82022,0.544
E82023,0.703
E82024,0.639
E82027,0.619
E82031,0.727
E82032,0.78
E82035,0.569
E82037,0.553
E82038,0.586
E82040,0.599
E82041,0.79
E82042,0.591
E82043,0.634
E82044,0.558
E82045,0.705
E82046,0.666
E82048,0.557
E82049,0.648
E82050,0.522
E82051,0.791
E82053,0.765
E82055,0.641
E82056,0.522
E82058,0.792
E82059,0.599
E82060,0.608
E82061,0.768
E82062,0.798
E82063,0.664
E82064,0.741
E82066,0.721
E82067,0.621
E82068,0.744
E82069,0.755
E82070,0.723
E82071,0.624
E82073,0.658
E82074,0.55
E82075,0.645
E82077,0.721
E82078,0.713
E82079,0.528
E82081,0.76
E82082,0.767
E82083,0.726
E82084,0.533
E82085,0.667
E82086,0.554
E82088,0.584
E82090,0.798
E82091,0.583
E82092,0.767
E82093,0.69
E82094,0.516
E82096,0.535
E82098,0.683
E82099,0.58
E82100,0.731
E82102,0.772
E82104,0.726
E82105,0.596
E82106,0.541
E82107,0.636
E82111,0.686
E82113,0.556
E82115,0.528
E82117,0.745
E82121,0.765
E82123,0.554
E82124,0.785
E82129,0.577
E82132,0.643
E82133,0.561
E82626,0.642
E82638,0.546
E82640,0.518
E82643,0.68
E82652,0.579
E82654,0.626
E82655,0.74
E82657,0.648
E82661,0.753
E83003,0.601
E83005,0.742
E83006,0.653
E83007,0.686
E83008,0.612
E83009,0.791
E83010,0.632
E83011,0.619
E83012,0.739
E83013,0.752
E83016,0.767
E83017,0.622
E83018,0.656
E83020,0.552
E83021,0.775
E83024,0.731
E83025,0.788
E83026,0.647
E83027,0.718
E83028,0.62
E83030,0.613
E83031,0.608
E83032,0.735
E83034,0.734
E83035,0.767
E83037,0.572
E83038,0.599
E83039,0.784
E83041,0.789
E83044,0.638
E83045,0.664
E83046,0.716
E83049,0.681
E83050,0.622
E83053,0.757
E83600,0.679
E83613,0.589
E83621,0.7
E83622,0.611
E83637,0.583
E83638,0.528
E83639,0.596
E83649,0.561
E83653,0.669
E83668,0.51
E84002,0.634
E84003,0.533
E84004,0.598
E84005,0.694
E84006,0.555
E84007,0.71
E84008,0.726
E84009,0.503
E84011,0.52
E84012,0.538
E84013,0.755
E84014,0.731
E84015,0.558
E84017,0.795
E84018,0.653
E84020,0.618
E84021,0.793
E84022,0.628
E84024,0.652
E84025,0.516
E84028,0.577
E84030,0.765
E84031,0.775
E84032,0.608
E84033,0.768
E84036,0.661
E84039,0.551
E84040,0.526
E84042,0.615
E84044,0.718
E84048,0.684
E84049,0.632
E84051,0.62
E84053,0.603
E84057,0.56
E84058,0.691
E84059,0.682
E84061,0.766
E84062,0.614
E84063,0.768
E84066,0.577
E84067,0.631
E84068,0.632
E84069,0.717
E84070,0.637
E84074,0.575
E84075,0.667
E84076,0.778
E84078,0.772
E84080,0.594
E84083,0.754
E84086,0.594
E84601,0.789
E84617,0.554
E84620,0.612
E84626,0.765
E84635,0.759
E84637,0.69
E84638,0.646
E84645,0.766
E84646,0.771
E84647,0.732
E84653,0.796
E84656,0.703
E84658,0.725
E84663,0.787
E84665,0.506
E84674,0.621
E84676,0.716
E84678,0.772
E84680,0.539
E84681,0.583
E84684,0.549
E84685,0.704
E84693,0.537
E84699,0.571
E84701,0.509
E84702,0.761
E84704,0.727
E84709,0.657
E85001,0.725
E85003,0.788
E85004,0.542
E85005,0.704
E85006,0.651
E85007,0.589
E85008,0.592
E85012,0.629
E85013,0.637
E85014,0.574
E85015,0.649
E85016,0.647
E85019,0.509
E85020,0.795
E85021,0.774
E85023,0.613
E85024,0.608
E85025,0.532
E85026,0.627
E85028,0.655
E85029,0.707
E85030,0.606
E85032,0.738
E85033,0.516
E85034,0.658
E85035,0.503
E85038,0.594
E85040,0.556
E85041,0.716
E85042,0.702
E85045,0.676
E85046,0.774
E85048,0.731
E85049,0.8
E85050,0.67
E85051,0.786
E85052,0.726
E85053,0.713
E85054,0.584
E85055,0.76
E85056,0.553
E85057,0.605
E85058,0.503
E85059,0.596
E85060,0.777
E85061,0.762
E85062,0.576
E85064,0.682
E85066,0.743
E85069,0.518
E85071,0.565
E85074,0.642
E85075,0.719
E85077,0.654
E85083,0.565
E85088,0.602
E85090,0.77
E85091,0.543
E85096,0.722
E85098,0.591
E85099,0.793
E85103,0.559
E85107,0.708
E85108,0.632
E85109,0.679
E85111,0.717
E85112,0.682
E85113,0.516
E85114,0.746
E85115,0.695
E85116,0.566
E85118,0.589
E85119,0.698
E85120,0.528
E85121,0.626
E85122,0.587
E85123,0.586
E85124,0.617
E85125,0.524
E85126,0.659
E85127,0.588
E85128,0.719
E85129,0.571
E85130,0.717
E85600,0.502
E85605,0.635
E85617,0.695
E85623,0.698
E85624,0.644
E85625,0.735
E85628,0.662
E85633,0.575
E85635,0.654
E85636,0.656
E85640,0.664
E85643,0.788
E85649,0.697
E85656,0.508
E85657,0.572
E85658,0.536
E85659,0.605
E85663,0.649
E85677,0.617
E85680,0.68
E85681,0.651
E85682,0.569
E85683,0.596
E85685,0.556
E85687,0.51
E85692,0.72
E85693,0.715
E85694,0.671
E85696,0.666
E85697,0.631
E85699,0.767
E85707,0.673
E85708,0.68
E85712,0.781
E85713,0.646
E85715,0.535
E85716,0.624
E85718,0.594
E85719,0.653
E85721,0.575
E85725,0.745
E85726,0.603
E85734,0.73
E85735,0.739
E85736,0.666
E85739,0.611
E85743,0.633
E85744,0.585
E85745,0.675
E85746,0.624
E85748,0.505
E85750,0.744
E86001,0.602
E86004,0.572
E86005,0.5
E86006,0.513
E86007,0.547
E86009,0.544
E86010,0.648
E86011,0.677
E86012,0.568
E86014,0.594
E86015,0.506
E86016,0.53
E86017,0.617
E86018,0.597
E86019,0.553
E86020,0.638
E86022,0.74
E86024,0.648
E86026,0.593
E86027,0.683
E86028,0.507
E86029,0.649
E86030,0.699
E86033,0.617
E86034,0.622
E86036,0.552
E86038,0.531
E86041,0.782
E86042,0.581
E86605,0.79
E86609,0.612
E86610,0.642
E86612,0.661
E86615,0.624
E86618,0.749
E86619,0.773
E86620,0.589
E86625,0.754
E86626,0.651
E86629,0.531
E86632,0.786
E86637,0.543
E86640,0.587
E87002,0.576
E87003,0.701
E87004,0.797
E87005,0.746
E87006,0.69
E87007,0.517
E87008,0.736
E87009,0.718
E87010,0.772
E87011,0.513
E87013,0.628
E87016,0.64
E87021,0.799
E87024,0.619
E87026,0.625
E87029,0.725
E87034,0.717
E87037,0.512
E87038,0.573
E87043,0.508
E87045,0.757
E87046,0.596
E87047,0.654
E87048,0.784
E87052,0.701
E87061,0.671
E87063,0.774
E87065,0.66
E87066,0.716
E87067,0.605
E87069,0.789
E87070,0.505
E87609,0.797
E87637,0.722
E87648,0.707
E87663,0.566
E87677,0.66
E87681,0.778
E87691,0.634
E87694,0.744
E87701,0.774
E87702,0.595
E87706,0.564
E87711,0.593
E87714,0.647
E87715,0.622
E87720,0.5
E87722,0.561
E87733,0.707
E87737,0.618
E87738,0.675
E87739,0.771
E87740,0.659
E87741,0.637
E87742,0.561
E87745,0.707
E87746,0.599
E87750,0.586
E87751,0.609
E87753,0.513
E87754,0.556
E87755,0.536
E87756,0.79
E87762,0.628
E87768,0.664
E87772,0.513
F81001,0.702
F81003,0.61
F81004,0.585
F81006,0.691
F81007,0.782
F81009,0.678
F81010,0.577
F81011,0.298
F81012,0.343
F81013,0.397
F81014,0.316
F81015,0.121
F81017,0.359
F81019,0.277
F81020,0.116
F81021,0.247
F81022,0.103
F81023,0.337
F81025,0.115
F81026,0.317
F81027,0.313
F81028,0.35
F81029,0.222
F81030,0.312
F81031,0.399
F81032,0.293
F81034,0.124
F81036,0.143
F81037,0.158
F81038,0.107
F81040,0.282
F81041,0.309
F81042,0.355
F81043,0.197
F81044,0.369
F81045,0.366
F81046,0.396
F81047,0.392
F81048,0.184
F81049,0.227
F81051,0.101
F81052,0.334
F81053,0.174
F81055,0.156
F81056,0.184
F81057,0.228
F81060,0.297
F81061,0.379
F81062,0.381
F81065,0.345
F81066,0.172
F81067,0.203
F81068,0.372
F81069,0.355
F81071,0.296
F81072,0.346
F81075,0.101
F81076,0.2
F81078,0.307
F81080,0.391
F81081,0.142
F81082,0.265
F81083,0.235
F81085,0.186
F81086,0.113
F81087,0.313
F81088,0.328
F81089,0.118
F81090,0.171
F81091,0.295
F81092,0.123
F81095,0.275
F81096,0.286
F81097,0.274
F81098,0.272
F81099,0.397
F81100,0.183
F81101,0.292
F81102,0.381
F81104,0.302
F81105,0.255
F81106,0.111
F81108,0.181
F81110,0.186
F81111,0.207
F81112,0.342
F81113,0.303
F81114,0.2
F81115,0.392
F81116,0.181
F81117,0.166
F81118,0.21
F81119,0.384
F81120,0.327
F81121,0.21
F81122,0.229
F81123,0.332
F81125,0.219
F81126,0.103
F81128,0.217
F81130,0.308
F81131,0.147
F81132,0.347
F81133,0.309
F81134,0.197
F81136,0.241
F81137,0.194
F81141,0.346
F81142,0.188
F81144,0.204
F81147,0.26
F81149,0.131
F81150,0.333
F81152,0.258
F81153,0.229
F81155,0.124
F81156,0.282
F81158,0.181
F81159,0.156
F81163,0.243
F81164,0.209
F81165,0.209
F81169,0.254
F81170,0.176
F81173,0.179
F81176,0.213
F81177,0.393
F81181,0.201
F81183,0.396
F81184,0.142
F81186,0.164
F81192,0.273
F81193,0.339
F81197,0.159
F81198,0.274
F81205,0.101
F81206,0.338
F81207,0.276
F81211,0.258
F81212,0.367
F81213,0.248
F81215,0.127
F81216,0.181
F81219,0.283
F81221,0.176
F81222,0.346
F81223,0.116
F81606,0.145
F81613,0.379
F81618,0.19
F81619,0.319
F81623,0.279
F81632,0.234
F81633,0.374
F81635,0.246
F81636,0.297
F81640,0.335
F81641,0.161
F81645,0.13
F81649,0.152
F81651,0.128
F81652,0.155
F81656,0.145
F81665,0.138
F81666,0.189
F81669,0.351
F81674,0.154
F81675,0.256
F81679,0.131
F81681,0.194
F81683,0.165
F81684,0.204
F81690,0.148
F81696,0.293
F81697,0.191
F81700,0.143
F81704,0.161
F81707,0.331
F81708,0.253
F81711,0.269
F81713,0.257
F81716,0.363
F81725,0.112
F81729,0.225
F81730,0.377
F81732,0.132
F81737,0.106
F81739,0.372
F81740,0.246
F81741,0.348
F81744,0.257
F81746,0.185
F81749,0.129
F81751,0.349
F81757,0.383
F82001,0.22
F82002,0.124
F82003,0.299
F82005,0.286
F82006,0.196
F82007,0.365
F82008,0.187
F82009,0.157
F82010,0.188
F82011,0.389
F82012,0.111
F82013,0.138
F82014,0.178
F82015,0.11
F82016,0.129
F82017,0.196
F82018,0.153
F82019,0.388
F82021,0.139
F82022,0.285
F82023,0.308
F82025,0.1
F82027,0.205
F82028,0.235
F82030,0.322
F82031,0.204
F82033,0.319
F82034,0.353
F82038,0.257
F82039,0.236
F82040,0.356
F82042,0.27
F82045,0.321
F82051,0.28
F82053,0.346
F82055,0.216
F82604,0.341
F82607,0.122
F82609,0.273
F82610,0.241
F82612,0.172
F82619,0.389
F82621,0.113
F82624,0.116
F82625,0.261
F82627,0.298
F82630,0.181
F82634,0.372
F82638,0.165
F82642,0.375
F82647,0.128
F82648,0.255
F82649,0.269
F82650,0.374
F82660,0.242
F82661,0.299
F82663,0.12
F82666,0.332
F82670,0.329
F82671,0.148
F82674,0.22
F82675,0.197
F82677,0.244
F82678,0.395
F82679,0.347
F82680,0.202
F82686,0.238
F83002,0.175
F83003,0.346
F83004,0.23
F83005,0.355
F83006,0.274
F83007,0.245
F83008,0.247
F83010,0.318
F83011,0.233
F83012,0.34
F83015,0.261
F83017,0.202
F83018,0.219
F83019,0.145
F83020,0.248
F83021,0.333
F83022,0.271
F83023,0.103
F83025,0.319
F83032,0.244
F83033,0.301
F83034,0.272
F83039,0.135
F83042,0.276
F83043,0.117
F83044,0.232
F83045,0.132
F83048,0.177
F83050,0.398
F83052,0.24
F83053,0.275
F83055,0.118
F83056,0.222
F83057,0.331
F83058,0.329
F83059,0.376
F83060,0.12
F83061,0.311
F83063,0.254
F83064,0.171
F83615,0.222
F83623,0.241
F83624,0.102
F83632,0.311
F83633,0.198
F83635,0.353
F83652,0.301
F83658,0.382
F83660,0.392
F83664,0.213
F83665,0.154
F83666,0.134
F83671,0.393
F83672,0.164
F83673,0.191
F83674,0.368
F83678,0.3
F83680,0.202
F83681,0.15
F83683,0.281
F83686,0.31
F84003,0.157
F84004,0.155
F84006,0.168
F84008,0.249
F84009,0.137
F84010,0.272
F84012,0.101
F84013,0.179
F84014,0.254
F84015,0.276
F84016,0.133
F84017,0.263
F84018,0.377
F84021,0.213
F84022,0.315
F84025,0.391
F84030,0.194
F84031,0.37
F84033,0.321
F84034,0.245
F84035,0.321
F84036,0.301
F84038,0.143
F84039,0.206
F84044,0.253
F84047,0.263
F84050,0.235
F84051,0.149
F84052,0.174
F84053,0.109
F84054,0.369
F84055,0.276
F84060,0.259
F84062,0.391
F84063,0.398
F84069,0.188
F84070,0.133
F84072,0.307
F84074,0.243
F84077,0.167
F84079,0.156
F84080,0.189
F84081,0.251
F84083,0.117
F84086,0.307
F84087,0.143
F84088,0.38
F84092,0.234
F84093,0.306
F84096,0.256
F84097,0.192
F84105,0.191
F84111,0.332
F84114,0.218
F84115,0.114
F84117,0.19
F84118,0.181
F84119,0.333
F84121,0.284
F84122,0.31
F84123,0.221
F84124,0.253
F84601,0.391
F84619,0.165
F84620,0.25
F84621,0.188
F84632,0.271
F84635,0.329
F84636,0.101
F84640,0.393
F84641,0.349
F84642,0.224
F84647,0.156
F84656,0.245
F84658,0.341
F84660,0.363
F84666,0.366
F84668,0.122
F84669,0.179
F84670,0.359
F84672,0.341
F84677,0.268
F84681,0.326
F84685,0.237
F84686,0.236
F84692,0.143
F84694,0.273
F84696,0.238
F84698,0.102
F84710,0.286
F84711,0.184
F84714,0.124
F84716,0.272
F84717,0.152
F84718,0.201
F84719,0.268
F84720,0.108
F84724,0.273
F84729,0.184
F84730,0.19
F84731,0.176
F84733,0.191
F84735,0.195
F84739,0.157
F84740,0.275
F84741,0.161
F84747,0.2
F84749,0.31
F85002,0.375
F85004,0.171
F85007,0.367
F85008,0.358
F85010,0.286
F85013,0.396
F85014,0.14
F85016,0.384
F85017,0.274
F85019,0.283
F85020,0.249
F85023,0.284
F85025,0.24
F85028,0.172
F85029,0.32
F85030,0.391
F85031,0.258
F85032,0.316
F85033,0.288
F85034,0.364
F85035,0.24
F85039,0.303
F85043,0.332
F85044,0.145
F85046,0.363
F85058,0.256
F85060,0.357
F85061,0.133
F85063,0.168
F85064,0.151
F85065,0.12
F85066,0.282
F85067,0.235
F85069,0.16
F85071,0.167
F85072,0.222
F85615,0.349
F85623,0.4
F85625,0.365
F85628,0.31
F85634,0.322
F85640,0.356
F85642,0.113
F85650,0.116
F85663,0.262
F85666,0.339
F85669,0.395
F85675,0.247
F85676,0.324
F85678,0.354
F85682,0.115
F85687,0.303
F85688,0.264
F85697,0.207
F85700,0.293
F85701,0.202
F85705,0.146
F86001,0.319
F86004,0.323
F86005,0.25
F86006,0.261
F86007,0.241
F86008,0.189
F86009,0.319
F86010,0.182
F86011,0.181
F86012,0.385
F86013,0.349
F86018,0.12
F86020,0.174
F86022,0.195
F86023,0.361
F86025,0.174
F86026,0.127
F86028,0.163
F86030,0.157
F86032,0.145
F86034,0.141
F86036,0.319
F86038,0.298
F86040,0.24
F86042,0.116
F86044,0.352
F86045,0.223
F86057,0.278
F86058,0.218
F86060,0.103
F86062,0.262
F86064,0.272
F86066,0.218
F86074,0.266
F86078,0.321
F86081,0.365
F86082,0.35
F86083,0.383
F86085,0.278
F86086,0.251
F86087,0.179
F86088,0.204
F86607,0.108
F86612,0.15
F86616,0.162
F86621,0.37
F86624,0.165
F86625,0.347
F86626,0.237
F86627,0.336
F86637,0.356
F86638,0.106
F86641,0.15
F86642,0.339
F86644,0.16
F86650,0.16
F86652,0.243
F86657,0.113
F86658,0.175
F86664,0.32
F86666,0.113
F86689,0.155
F86691,0.292
F86692,0.272
F86696,0.349
F86698,0.209
F86700,0.112
F86701,0.2
F86702,0.144
F86703,0.378
F86705,0.239
F86707,0.303
F86708,0.243
F86712,0.136
F86731,0.221
G81001,0.389
G81002,0.389
G81003,0.191
G81004,0.395
G81006,0.107
G81007,0.114
G81008,0.27
G81011,0.303
G81012,0.152
G81014,0.139
G81016,0.391
G81017,0.138
G81018,0.313
G81019,0.343
G81021,0.275
G81022,0.109
G81023,0.27
G81024,0.129
G81028,0.305
G81029,0.282
G81030,0.349
G81031,0.29
G81032,0.259
G81034,0.379
G81036,0.244
G81037,0.218
G81038,0.287
G81039,0.396
G81040,0.154
G81041,0.116
G81042,0.369
G81043,0.347
G81044,0.364
G81046,0.271
G81047,0.112
G81048,0.4
G81049,0.267
G81050,0.225
G81051,0.303
G81052,0.244
G81054,0.194
G81055,0.345
G81057,0.121
G81059,0.393
G81061,0.303
G81065,0.286
G81070,0.326
G81071,0.31
G81073,0.212
G81074,0.299
G81075,0.199
G81076,0.312
G81077,0.387
G81082,0.183
G81083,0.108
G81084,0.176
G81085,0.262
G81086,0.348
G81087,0.365
G81088,0.317
G81089,0.297
G81095,0.344
G81096,0.136
G81098,0.124
G81099,0.352
G81100,0.222
G81102,0.3
G81104,0.226
G81613,0.213
G81614,0.11
G81634,0.395
G81638,0.168
G81641,0.206
G81646,0.22
G81656,0.101
G81658,0.652
G81663,0.129
G81669,0.279
G81689,0.79
G81694,0.535
G82002,0.767
G82006,0.108
G82007,0.922
G82013,0.559
G82014,0.727
G82015,0.503
G82016,0.646
G82018,0.568
G82019,0.259
G82020,0.853
G82021,0.289
G82022,0.334
G82023,0.328
G82024,0.534
G82025,0.854
G82026,0.692
G82027,0.6
G82028,0.027
G82031,0.448
G82032,0.831
G82035,0.208
G82036,0.536
G82037,0.28
G82038,0.506
G82039,0.48
G82041,0.623
G82042,0.71
G82044,0.335
G82046,0.259
G82048,0.316
G82050,0.182
G82051,0.698
G82052,0.977
G82053,0.586
G82055,0.39
G82056,0.926
G82057,0.433
G82058,0.324
G82059,0.378
G82060,0.522
G82062,0.859
G82063,0.396
G82064,0.192
G82066,0.221
G82067,0.304
G82069,0.059
G82071,0.159
G82073,0.068
G82074,0.363
G82076,0.144
G82077,0.969
G82079,0.311
G82080,0.776
G82082,0.687
G82083,0.698
G82085,0.247
G82086,0.301
G82087,0.814
G82088,0.373
G82089,0.584
G82090,0.569
G82091,0.537
G82092,0.723
G82093,0.825
G82094,0.217
G82095,0.477
G82097,0.461
G82098,0.028
G82099,0.213
G82100,0.99
G82105,0.36
G82106,0.916
G82107,0.763
G82108,0.479
G82110,0.06
G82111,0.501
G82112,0.932
G82113,0.318
G82114,0.354
G82115,0.892
G82117,0.909
G82118,0.889
G82119,0.235
G82120,0.983
G82121,0.043
G82122,0.755
G82125,0.86
G82126,0.19
G82129,0.088
G82135,0.066
G82137,0.113
G82138,0.269
G82139,0.91
G82140,0.423
G82141,0.259
G82142,0.98
G82143,0.311
G82147,0.625
G82150,0.713
G82152,0.548
G82154,0.87
G82155,0.483
G82158,0.215
G82160,0.705
G82161,0.36
G82162,0.824
G82164,0.773
G82165,0.735
G82170,0.885
G82180,0.507
G82184,0.464
G82185,0.348
G82186,0.996
G82200,0.816
G82203,0.192
G82205,0.935
G82211,0.694
G82212,0.686
G82215,0.633
G82217,0.049
G82218,0.841
G82219,0.914
G82224,0.782
G82225,0.328
G82226,0.661
G82227,0.136
G82228,0.274
G82229,0.106
G82231,0.973
G82232,0.258
G82233,0.968
G82234,0.168
G82235,0.736
G82600,0.808
G82604,0.306
G82605,0.33
G82631,0.695
G82634,0.918
G82635,0.555
G82641,0.892
G82647,0.857
G82648,0.011
G82650,0.984
G82652,0.268
G82653,0.302
G82658,0.785
G82665,0.499
G82666,0.612
G82679,0.328
G82681,0.081
G82682,0.192
G82684,0.771
G82687,0.527
G82691,0.266
G82693,0.013
G82696,0.564
G82697,0.095
G82698,0.703
G82700,0.744
G82702,0.231
G82708,0.125
G82711,0.036
G82719,0.119
G82721,0.958
G82729,0.191
G82730,0.952
G82733,0.788
G82737,0.962
G82741,0.056
G82744,0.016
G82753,0.851
G82754,0.011
G82762,0.941
G82763,0.33
G82768,0.972
G82775,0.078
G82780,0.921
G82790,0.03
G82796,0.799
G82799,0.783
G82802,0.642
G82808,0.781
G82809,0.711
G82888,0.21
G83001,0.006
G83002,0.696
G83004,0.929
G83006,0.989
G83009,0.763
G83010,0.813
G83012,0.129
G83013,0.576
G83015,0.173
G83016,0.4
G83018,0.526
G83019,0.278
G83021,0.347
G83024,0.571
G83025,0.351
G83026,0.8
G83027,0.145
G83028,0.462
G83029,0.199
G83030,0.363
G83031,0.952
G83033,0.386
G83039,0.788
G83044,0.945
G83046,0.154
G83047,0.714
G83049,0.73
G83052,0.28
G83053,0.889
G83057,0.705
G83058,0.523
G83060,0.668
G83062,0.895
G83065,0.903
G83066,0.749
G83067,0.666
G83628,0.128
G83630,0.405
G83631,0.974
G83633,0.244
G83635,0.525
G83641,0.155
G83642,0.909
G83647,0.699
G83651,0.968
G83654,0.413
G83673,0.343
G83680,0.923
G84001,0.472
G84002,0.014
G84003,0.643
G84004,0.172
G84005,0.639
G84006,0.675
G84007,0.625
G84008,0.979
G84009,0.218
G84010,0.427
G84011,0.495
G84013,0.348
G84015,0.535
G84016,0.81
G84017,0.582
G84018,0.124
G84019,0.199
G84020,0.544
G84023,0.207
G84024,0.231
G84025,0.381
G84027,0.297
G84028,0.579
G84029,0.843
G84030,0.782
G84032,0.779
G84033,0.462
G84035,0.435
G84039,0.14
G84040,0.008
G84041,0.358
G84604,0.571
G84607,0.391
G84609,0.533
G84621,0.86
G84624,0.731
G84625,0.528
G84627,0.547
G84629,0.692
G84630,0.016
G85001,0.607
G85002,0.576
G85004,0.235
G85006,0.44
G85011,0.828
G85013,0.133
G85014,0.654
G85015,0.676
G85016,0.668
G85019,0.104
G85020,0.626
G85021,0.543
G85022,0.347
G85023,0.329
G85024,0.003
G85025,0.116
G85026,0.076
G85027,0.319
G85028,0.564
G85029,0.384
G85030,0.896
G85031,0.715
G85032,0.544
G85034,0.101
G85038,0.743
G85039,0.9
G85040,0.717
G85041,0.619
G85042,0.523
G85044,0.884
G85045,0.37
G85046,0.576
G85047,0.146
G85051,0.364
G85052,0.328
G85053,0.839
G85054,0.099
G85057,0.125
G85061,0.719
G85073,0.426
G85076,0.377
G85083,0.692
G85084,0.342
G85085,0.071
G85086,0.71
G85087,0.002
G85091,0.417
G85096,0.119
G85100,0.104
G85102,0.725
G85104,0.367
G85105,0.82
G85109,0.343
G85114,0.663
G85119,0.28
G85120,0.626
G85121,0.409
G85123,0.456
G85125,0.869
G85127,0.569
G85129,0.274
G85130,0.064
G85132,0.161
G85134,0.156
G85135,0.501
G85136,0.534
G85137,0.531
G85138,0.792
G85623,0.808
G85632,0.88
G85633,0.696
G85642,0.745
G85644,0.543
G85647,0.278
G85651,0.349
G85662,0.457
G85673,0.197
G85674,0.294
G85681,0.745
G85685,0.803
G85690,0.34
G85695,0.509
G85696,0.824
G85698,0.119
G85705,0.494
G85706,0.945
G85708,0.051
G85711,0.522
G85715,0.379
G85716,0.668
G85721,0.361
G85722,0.732
G85724,0.19
G85726,0.292
G85727,0.755
G85736,0.747
H81002,0.655
H81003,0.677
H81004,0.698
H81005,0.641
H81006,0.058
H81007,0.32
H81009,0.616
H81010,0.853
H81011,0.72
H81013,0.48
H81015,0.798
H81016,0.26
H81017,0.305
H81019,0.719
H81020,0.053
H81021,0.864
H81022,0.355
H81023,0.983
H81024,0.286
H81025,0.009
H81026,0.593
H81027,0.274
H81028,0.264
H81029,0.478
H81030,0.017
H81031,0.162
H81032,0.338
H81033,0.004
H81034,0.103
H81035,0.926
H81036,0.195
H81037,0.712
H81038,0.78
H81039,0.697
H81040,0.641
H81041,0.564
H81042,0.05
H81043,0.498
H81044,0.589
H81045,0.35
H81046,0.86
H81047,0.874
H81048,0.976
H81050,0.291
H81051,0.977
H81052,0.231
H81053,0.894
H81055,0.46
H81056,0.601
H81057,0.167
H81058,0.105
H81060,0.837
H81061,0.993
H81062,0.023
H81064,0.921
H81065,0.653
H81066,0.837
H81067,0.793
H81068,0.672
H81069,0.288
H81070,0.638
H81071,0.273
H81072,0.652
H81073,0.249
H81074,0.846
H81075,0.159
H81076,0.083
H81077,0.566
H81078,0.68
H81080,0.171
H81081,0.866
H81082,0.645
H81083,0.097
H81084,0.197
H81085,0.883
H81086,0.614
H81087,0.978
H81088,0.907
H81089,0.452
H81090,0.508
H81091,0.308
H81094,0.496
H81095,0.702
H81099,0.298
H81103,0.382
H81104,0.558
H81107,0.817
H81109,0.966
H81110,0.849
H81111,0.97
H81113,0.401
H81116,0.77
H81119,0.004
H81122,0.128
H81123,0.575
H81126,0.857
H81128,0.118
H81129,0.318
H81130,0.719
H81131,0.826
H81132,0.733
H81133,0.902
H81134,0.699
H81613,0.551
H81615,0.996
H81618,0.476
H81632,0.587
H81638,0.336
H81641,0.971
H81642,0.974
H81643,0.784
H81644,0.808
H81656,0.647
H81658,0.819
H81663,0.034
H81672,0.98
H82003,0.232
H82004,0.413
H82005,0.016
H82006,0.24
H82007,0.306
H82009,0.697
H82011,0.554
H82012,0.116
H82013,0.268
H82014,0.204
H82016,0.856
H82017,0.729
H82020,0.249
H82021,0.164
H82022,0.259
H82023,0.729
H82025,0.409
H82026,0.815
H82027,0.825
H82028,0.238
H82030,0.573
H82031,0.443
H82032,0.653
H82033,0.446
H82034,0.038
H82035,0.932
H82036,0.458
H82037,0.995
H82038,0.882
H82039,0.381
H82040,0.232
H82041,0.858
H82042,0.312
H82043,0.724
H82044,0.032
H82045,0.575
H82046,0.338
H82047,0.538
H82048,0.293
H82049,0.047
H82050,0.679
H82051,0.504
H82052,0.447
H82053,0.217
H82055,0.424
H82056,0.613
H82057,0.6
H82058,0.247
H82059,0.881
H82060,0.925
H82061,0.174
H82063,0.919
H82064,0.352
H82065,0.834
H82066,0.741
H82067,0.397
H82070,0.071
H82072,0.42
H82076,0.219
H82077,0.329
H82078,0.043
H82084,0.856
H82087,0.056
H82088,0.626
H82089,0.587
H82091,0.76
H82092,0.134
H82095,0.132
H82096,0.185
H82098,0.189
H82099,0.161
H82100,0.105
H82615,0.129
H82640,0.184
H83001,0.162
H83004,0.13
H83005,0.117
H83006,0.191
H83007,0.157
H83008,0.119
H83009,0.105
H83010,0.182
H83011,0.147
H83012,0.158
H83013,0.176
H83014,0.172
H83015,0.113
H83016,0.161
H83017,0.197
H83018,0.198
H83019,0.166
H83020,0.117
H83021,0.134
H83022,0.198
H83023,0.142
H83024,0.115
H83028,0.198
H83029,0.119
H83030,0.135
H83031,0.171
H83033,0.118
H83034,0.102
H83037,0.128
H83039,0.169
H83042,0.142
H83043,0.132
H83044,0.124
H83049,0.115
H83051,0.171
H83052,0.103
H83053,0.17
H83608,0.153
H83609,0.172
H83611,0.147
H83624,0.197
H83627,0.177
H83631,0.12
H84002,0.137
H84005,0.19
H84006,0.179
H84007,0.174
H84010,0.186
H84012,0.161
H84014,0.152
H84015,0.139
H84016,0.1
H84017,0.153
H84018,0.111
H84020,0.17
H84023,0.107
H84025,0.151
H84027,0.19
H84030,0.152
H84031,0.12
H84032,0.125
H84033,0.153
H84034,0.128
H84039,0.122
H84040,0.17
H84041,0.186
H84042,0.117
H84044,0.172
H84048,0.158
H84050,0.15
H84051,0.147
H84053,0.194
H84054,0.189
H84055,0.136
H84057,0.162
H84059,0.115
H84060,0.167
H84061,0.175
H84062,0.139
H84618,0.126
H84619,0.133
H84623,0.198
H84625,0.199
H84630,0.18
H84635,0.123
H84639,0.152
H85001,0.165
H85002,0.175
H85003,0.199
H85005,0.153
H85006,0.196
H85007,0.136
H85008,0.188
H85009,0.185
H85011,0.2
H85012,0.177
H85018,0.176
H85020,0.123
H85021,0.158
H85022,0.162
H85023,0.168
H85024,0.126
H85025,0.171
H85026,0.125
H85027,0.127
H85028,0.18
H85029,0.15
H85030,0.11
H85031,0.155
H85032,0.102
H85033,0.13
H85037,0.171
H85038,0.139
H85041,0.182
H85045,0.193
H85047,0.132
H85048,0.125
H85049,0.192
H85051,0.129
H85052,0.101
H85053,0.115
H85055,0.148
H85057,0.147
H85061,0.101
H85063,0.157
H85065,0.101
H85066,0.152
H85067,0.156
H85069,0.144
H85070,0.168
H85075,0.116
H85076,0.11
H85077,0.111
H85078,0.195
H85082,0.107
H85087,0.16
H85088,0.179
H85090,0.107
H85092,0.129
H85095,0.111
H85100,0.138
H85101,0.156
H85103,0.191
H85105,0.155
H85110,0.111
H85111,0.162
H85112,0.185
H85113,0.142
H85114,0.12
H85115,0.195
H85116,0.1
H85618,0.133
H85634,0.177
H85637,0.126
H85649,0.113
H85653,0.125
H85656,0.105
H85659,0.198
H85662,0.105
H85664,0.143
H85665,0.109
H85680,0.192
H85682,0.197
H85683,0.185
H85686,0.193
H85691,0.183
H85693,0.126
J81002,0.168
J81003,0.167
J81006,0.146
J81009,0.108
J81010,0.141
J81011,0.186
J81012,0.176
J81013,0.158
J81014,0.143
J81016,0.197
J81017,0.199
J81018,0.193
J81019,0.111
J81020,0.125
J81021,0.149
J81022,0.153
J81025,0.153
J81027,0.171
J81028,0.134
J81029,0.154
J81030,0.192
J81033,0.133
J81034,0.111
J81035,0.187
J81036,0.156
J81039,0.176
J81041,0.134
J81042,0.127
J81045,0.169
J81046,0.117
J81047,0.117
J81049,0.121
J81051,0.109
J81052,0.127
J81053,0.125
J81056,0.185
J81057,0.155
J81058,0.193
J81059,0.162
J81061,0.186
J81062,0.144
J81064,0.187
J81066,0.192
J81067,0.1
J81068,0.129
J81070,0.148
J81072,0.166
J81073,0.199
J81074,0.186
J81075,0.196
J81076,0.111
J81077,0.142
J81078,0.116
J81081,0.129
J81082,0.162
J81083,0.139
J81086,0.149
J81087,0.2
J81609,0.107
J81612,0.134
J81613,0.16
J81616,0.142
J81620,0.11
J81621,0.135
J81625,0.124
J81626,0.163
J81631,0.12
J81633,0.102
J81634,0.12
J81637,0.168
J81644,0.121
J81646,0.15
J81647,0.114
J81648,0.105
J82001,0.136
J82002,0.191
J82005,0.162
J82007,0.109
J82009,0.143
J82010,0.131
J82012,0.199
J82015,0.149
J82016,0.109
J82017,0.173
J82018,0.181
J82019,0.134
J82020,0.178
J82021,0.134
J82022,0.192
J82024,0.12
J82025,0.178
J82026,0.104
J82028,0.145
J82033,0.182
J82034,0.113
J82035,0.157
J82036,0.116
J82039,0.104
J82040,0.191
J82042,0.135
J82049,0.101
J82050,0.141
J82051,0.185
J82053,0.115
J82054,0.195
J82055,0.136
J82056,0.177
J82058,0.114
J82059,0.173
J82060,0.139
J82061,0.193
J82062,0.15
J82063,0.145
J82064,0.192
J82066,0.104
J82067,0.114
J82069,0.102
J82071,0.114
J82072,0.117
J82073,0.105
J82074,0.126
J82075,0.169
J82076,0.184
J82079,0.121
J82080,0.161
J82081,0.13
J82082,0.179
J82083,0.143
J82084,0.166
J82085,0.187
J82087,0.154
J82088,0.142
J82089,0.112
J82092,0.198
J82094,0.141
J82098,0.135
J82099,0.179
J82101,0.194
J82102,0.14
J82103,0.193
J82104,0.193
J82106,0.118
J82110,0.118
J82112,0.181
J82115,0.107
J82116,0.166
J82119,0.141
J82120,0.173
J82121,0.144
J82122,0.166
J82124,0.147
J82125,0.118
J82126,0.192
J82128,0.168
J82129,0.164
J82130,0.17
J82131,0.194
J82132,0.148
J82134,0.188
J82136,0.113
J82138,0.146
J82139,0.177
J82142,0.115
J82143,0.111
J82144,0.162
J82145,0.145
J82146,0.165
J82147,0.127
J82149,0.12
J82150,0.179
J82151,0.112
J82152,0.18
J82154,0.133
J82155,0.143
J82156,0.164
J82157,0.118
J82161,0.115
J82163,0.104
J82169,0.135
J82174,0.115
J82178,0.15
J82180,0.198
J82181,0.194
J82183,0.126
J82184,0.14
J82194,0.126
J82196,0.101
J82198,0.106
J82199,0.185
J82201,0.16
J82207,0.153
J82208,0.147
J82210,0.126
J82213,0.104
J82214,0.177
J82215,0.159
J82216,0.118
J82217,0.192
J82218,0.175
J82605,0.112
J82622,0.11
J82625,0.184
J82628,0.121
J82630,0.14
J82633,0.136
J82639,0.192
J82640,0.155
J82646,0.147
J82663,0.124
J82669,0.105
J83001,0.151
J83002,0.17
J83003,0.159
J83004,0.197
J83005,0.143
J83006,0.199
J83007,0.14
J83008,0.145
J83009,0.161
J83010,0.149
J83011,0.122
J83013,0.157
J83014,0.181
J83016,0.182
J83018,0.107
J83019,0.171
J83021,0.143
J83022,0.127
J83023,0.156
J83024,0.138
J83026,0.14
J83027,0.165
J83029,0.158
J83030,0.12
J83033,0.2
J83034,0.164
J83035,0.126
J83036,0.164
J83037,0.131
J83038,0.172
J83039,0.168
J83040,0.134
J83041,0.184
J83042,0.195
J83043,0.11
J83045,0.102
J83046,0.141
J83047,0.197
J83048,0.112
J83049,0.152
J83050,0.111
J83052,0.135
J83053,0.173
J83055,0.199
J83056,0.161
J83057,0.122
J83058,0.168
J83059,0.199
J83060,0.134
J83064,0.178
J83601,0.155
J83603,0.189
J83609,0.107
J83615,0.18
J83618,0.175
J83619,0.163
J83625,0.173
J83629,0.157
J83630,0.195
J83633,0.114
J83645,0.182
J83646,0.115
J84003,0.131
J84004,0.107
J84005,0.156
J84007,0.189
J84008,0.194
J84011,0.103
J84012,0.161
J84013,0.158
J84015,0.135
J84016,0.105
J84017,0.147
J84019,0.178
K81001,0.15
K81002,0.103
K81003,0.164
K81004,0.141
K81005,0.185
K81006,0.128
K81007,0.188
K81010,0.171
K81012,0.104
K81014,0.154
K81015,0.104
K81017,0.159
K81018,0.127
K81019,0.136
K81020,0.16
K81021,0.169
K81022,0.169
K81024,0.182
K81025,0.196
K81026,0.128
K81027,0.176
K81028,0.111
K81030,0.151
K81034,0.131
K81036,0.169
K81039,0.104
K81040,0.141
K81041,0.143
K81042,0.114
K81043,0.149
K81045,0.169
K81046,0.2
K81047,0.104
K81048,0.113
K81050,0.153
K81051,0.166
K81052,0.142
K81055,0.161
K81056,0.19
K81057,0.166
K81060,0.193
K81062,0.162
K81063,0.1
K81066,0.111
K81068,0.169
K81069,0.132
K81070,0.188
K81073,0.144
K81074,0.107
K81075,0.112
K81076,0.164
K81077,0.137
K81078,0.134
K81080,0.139
K81081,0.177
K81082,0.191
K81083,0.142
K81084,0.13
K81085,0.114
K81086,0.166
K81087,0.134
K81089,0.166
K81092,0.111
K81094,0.159
K81097,0.122
K81100,0.138
K81102,0.188
K81103,0.129
K81605,0.107
K81607,0.189
K81608,0.121
K81610,0.129
K81616,0.168
K81630,0.193
K81633,0.176
K81636,0.126
K81638,0.122
K81644,0.13
K81645,0.163
K81651,0.113
K81655,0.151
K81656,0.14
K81657,0.136
K82001,0.106
K82003,0.112
K82004,0.166
K82006,0.18
K82007,0.117
K82008,0.137
K82009,0.111
K82010,0.189
K82011,0.138
K82012,0.176
K82013,0.117
K82014,0.112
K82015,0.151
K82016,0.175
K82017,0.162
K82019,0.194
K82020,0.184
K82021,0.136
K82022,0.174
K82023,0.123
K82024,0.118
K82025,0.138
K82026,0.18
K82027,0.117
K82028,0.188
K82029,0.136
K82030,0.127
K82031,0.109
K82032,0.14
K82033,0.188
K82035,0.126
K82036,0.108
K82037,0.165
K82038,0.157
K82039,0.195
K82040,0.128
K82044,0.122
K82045,0.149
K82046,0.181
K82047,0.112
K82048,0.135
K82049,0.2
K82051,0.2
K82053,0.2
K82054,0.139
K82055,0.1
K82057,0.146
K82058,0.104
K82059,0.146
K82060,0.197
K82061,0.173
K82064,0.157
K82065,0.18
K82066,0.17
K82067,0.115
K82068,0.131
K82070,0.121
K82073,0.146
K82074,0.157
K82076,0.16
K82078,0.165
K82079,0.15
K82603,0.101
K82610,0.118
K82615,0.16
K82617,0.154
K82618,0.112
K82621,0.2
K82631,0.104
K82633,0.151
K83002,0.117
K83003,0.187
K83005,0.145
K83006,0.177
K83007,0.161
K83008,0.119
K83009,0.106
K83010,0.172
K83011,0.182
K83012,0.182
K83013,0.136
K83014,0.195
K83015,0.124
K83017,0.114
K83018,0.145
K83019,0.166
K83020,0.126
K83021,0.16
K83022,0.15
K83023,0.121
K83024,0.127
K83025,0.189
K83026,0.116
K83027,0.172
K83028,0.144
K83029,0.159
K83030,0.151
K83031,0.175
K83032,0.168
K83035,0.145
K83036,0.122
K83037,0.146
K83039,0.183
K83040,0.13
K83041,0.175
K83042,0.196
K83043,0.161
K83044,0.183
K83047,0.185
K83048,0.182
K83049,0.115
K83050,0.177
K83051,0.154
K83052,0.109
K83053,0.15
K83055,0.106
K83056,0.105
K83059,0.127
K83064,0.11
K83065,0.139
K83066,0.153
K83068,0.131
K83069,0.114
K83070,0.157
K83076,0.174
K83077,0.12
K83080,0.199
K83081,0.131
K83601,0.159
K83607,0.174
K83610,0.183
K83614,0.169
K83616,0.148
K83618,0.154
K83620,0.109
K83621,0.137
K83622,0.154
K83625,0.143
K84001,0.183
K84002,0.109
K84003,0.178
K84004,0.11
K84006,0.132
K84007,0.156
K84008,0.122
K84009,0.139
K84010,0.157
K84011,0.155
K84012,0.178
K84013,0.13
K84014,0.2
K84015,0.171
K84016,0.186
K84017,0.148
K84019,0.188
K84020,0.158
K84021,0.165
K84023,0.103
K84024,0.158
K84025,0.152
K84026,0.104
K84027,0.126
K84028,0.162
K84030,0.11
K84031,0.158
K84032,0.184
K84033,0.181
K84034,0.197
K84035,0.151
K84036,0.125
K84037,0.199
K84038,0.139
K84041,0.138
K84042,0.174
K84043,0.12
K84044,0.102
K84045,0.17
K84046,0.166
K84047,0.185
K84048,0.148
K84049,0.117
K84050,0.127
K84051,0.157
K84052,0.132
K84054,0.166
K84055,0.119
K84056,0.109
K84058,0.162
K84059,0.172
K84060,0.109
K84062,0.16
K84063,0.148
K84065,0.163
K84066,0.148
K84071,0.111
K84072,0.172
K84075,0.152
K84078,0.135
K84079,0.177
K84080,0.161
K84082,0.154
K84605,0.116
K84610,0.109
K84613,0.195
K84618,0.115
K84624,0.141
L81004,0.132
L81007,0.134
L81008,0.191
L81009,0.134
L81010,0.173
L81012,0.135
L81013,0.125
L81014,0.119
L81015,0.193
L81016,0.159
L81017,0.113
L81018,0.16
L81019,0.146
L81020,0.101
L81021,0.101
L81022,0.102
L81023,0.191
L81024,0.163
L81025,0.159
L81026,0.112
L81027,0.197
L81029,0.103
L81030,0.192
L81031,0.134
L81033,0.162
L81034,0.161
L81036,0.131
L81037,0.114
L81038,0.2
L81039,0.187
L81040,0.184
L81041,0.141
L81042,0.196
L81044,0.11
L81045,0.198
L81046,0.175
L81047,0.124
L81050,0.163
L81051,0.119
L81053,0.193
L81054,0.147
L81055,0.133
L81058,0.163
L81059,0.172
L81061,0.136
L81062,0.115
L81063,0.146
L81064,0.173
L81065,0.135
L81066,0.165
L81067,0.113
L81068,0.199
L81069,0.19
L81070,0.1
L81071,0.112
L81072,0.16
L81073,0.165
L81075,0.128
L81077,0.105
L81078,0.116
L81079,0.124
L81081,0.182
L81082,0.127
L81083,0.103
L81084,0.174
L81085,0.175
L81086,0.198
L81087,0.136
L81089,0.101
L81090,0.153
L81091,0.144
L81094,0.15
L81095,0.165
L81098,0.15
L81101,0.105
L81103,0.184
L81106,0.172
L81117,0.186
L81118,0.11
L81120,0.199
L81122,0.181
L81123,0.134
L81125,0.151
L81127,0.154
L81130,0.162
L81131,0.166
L81132,0.166
L81133,0.149
L81600,0.126
L81617,0.114
L81632,0.107
L81642,0.111
L81643,0.141
L81644,0.109
L81649,0.136
L81669,0.122
L81670,0.153
L82001,0.196
L82003,0.171
L82004,0.172
L82006,0.168
L82007,0.131
L82008,0.138
L82010,0.135
L82011,0.19
L82012,0.166
L82013,0.12
L82015,0.711
L82016,0.766
L82017,0.881
L82018,0.748
L82022,0.719
L82023,0.708
L82025,0.804
L82026,0.792
L82028,0.854
L82029,0.84
L82030,0.862
L82035,0.744
L82036,0.763
L82038,0.804
L82039,0.708
L82041,0.896
L82042,0.743
L82043,0.777
L82044,0.79
L82045,0.862
L82046,0.836
L82047,0.762
L82048,0.71
L82049,0.894
L82050,0.765
L82051,0.806
L82052,0.841
L82054,0.716
L82056,0.802
L82057,0.798
L82058,0.704
L82059,0.825
L82061,0.753
L82066,0.8
L82068,0.863
L82070,0.758
L82620,0.892
L82622,0.827
L83002,0.802
L83003,0.852
L83004,0.833
L83005,0.806
L83006,0.81
L83007,0.777
L83008,0.854
L83010,0.778
L83011,0.745
L83012,0.83
L83013,0.804
L83014,0.771
L83015,0.74
L83016,0.733
L83018,0.727
L83019,0.841
L83020,0.794
L83021,0.811
L83023,0.85
L83024,0.803
L83025,0.81
L83026,0.844
L83027,0.712
L83028,0.749
L83029,0.884
L83030,0.858
L83031,0.846
L83034,0.788
L83035,0.875
L83036,0.726
L83038,0.779
L83039,0.726
L83040,0.793
L83041,0.852
L83042,0.73
L83043,0.75
L83044,0.713
L83045,0.861
L83046,0.848
L83048,0.824
L83049,0.838
L83050,0.871
L83051,0.787
L83052,0.869
L83053,0.837
L83054,0.714
L83055,0.824
L83056,0.83
L83057,0.749
L83058,0.84
L83059,0.813
L83064,0.775
L83066,0.715
L83067,0.748
L83068,0.745
L83069,0.829
L83070,0.898
L83071,0.884
L83072,0.789
L83073,0.874
L83075,0.843
L83076,0.85
L83077,0.77
L83079,0.755
L83081,0.738
L83082,0.79
L83083,0.817
L83084,0.89
L83085,0.831
L83086,0.785
L83087,0.836
L83088,0.816
L83089,0.785
L83092,0.839
L83095,0.798
L83096,0.751
L83097,0.75
L83098,0.783
L83099,0.806
L83100,0.747
L83101,0.787
L83102,0.873
L83103,0.754
L83105,0.841
L83106,0.796
L83111,0.845
L83112,0.83
L83113,0.773
L83115,0.794
L83116,0.793
L83118,0.769
L83120,0.879
L83127,0.857
L83128,0.844
L83129,0.76
L83131,0.731
L83134,0.709
L83136,0.843
L83137,0.741
L83143,0.835
L83146,0.865
L83147,0.826
L83148,0.796
L83607,0.723
L83616,0.749
L83624,0.866
L83628,0.806
L83639,0.798
L83646,0.775
L83651,0.797
L83655,0.788
L83657,0.805
L83663,0.741
L83666,0.852
L83673,0.846
L84003,0.8
L84004,0.778
L84005,0.822
L84006,0.711
L84007,0.757
L84008,0.885
L84009,0.855
L84010,0.794
L84011,0.734
L84012,0.793
L84014,0.818
L84015,0.796
L84016,0.824
L84018,0.812
L84021,0.771
L84022,0.74
L84023,0.864
L84024,0.742
L84025,0.748
L84026,0.801
L84027,0.885
L84028,0.885
L84029,0.752
L84030,0.87
L84031,0.729
L84033,0.777
L84034,0.713
L84036,0.742
L84037,0.8
L84038,0.877
L84039,0.746
L84040,0.811
L84041,0.821
L84043,0.88
L84045,0.723
L84046,0.841
L84047,0.826
L84048,0.847
L84049,0.852
L84050,0.766
L84051,0.863
L84052,0.806
L84053,0.848
L84054,0.812
L84058,0.855
L84059,0.793
L84060,0.847
L84063,0.788
L84065,0.856
L84067,0.714
L84068,0.848
L84069,0.797
L84070,0.739
L84071,0.89
L84072,0.81
L84073,0.756
L84075,0.736
L84077,0.799
L84080,0.742
L84081,0.854
L84084,0.729
L84085,0.804
L84606,0.743
L84613,0.859
L84615,0.737
L84616,0.798
L84617,0.842
L85001,0.839
L85002,0.756
L85003,0.827
L85004,0.768
L85006,0.758
L85007,0.789
L85008,0.743
L85009,0.884
L85010,0.87
L85011,0.79
L85012,0.751
L85013,0.741
L85014,0.765
L85015,0.792
L85016,0.764
L85017,0.852
L85018,0.88
L85019,0.803
L85020,0.753
L85021,0.828
L85022,0.732
L85023,0.718
L85024,0.738
L85025,0.85
L85026,0.858
L85027,0.751
L85029,0.838
L85030,0.705
L85031,0.72
L85032,0.836
L85033,0.847
L85034,0.787
L85035,0.832
L85036,0.767
L85037,0.893
L85038,0.83
L85039,0.837
L85040,0.727
L85042,0.801
L85043,0.759
L85044,0.742
L85046,0.737
L85047,0.851
L85048,0.866
L85050,0.789
L85051,0.829
L85052,0.837
L85053,0.866
L85054,0.747
L85055,0.739
L85056,0.884
L85061,0.734
L85062,0.732
L85064,0.7
L85065,0.891
L85066,0.831
L85601,0.755
L85607,0.705
L85609,0.7
L85611,0.719
L85624,0.786
M81001,0.763
M81002,0.843
M81004,0.736
M81005,0.817
M81006,0.753
M81007,0.817
M81008,0.855
M81009,0.865
M81010,0.715
M81011,0.819
M81012,0.808
M81015,0.703
M81016,0.852
M81017,0.878
M81018,0.824
M81019,0.763
M81020,0.718
M81021,0.868
M81022,0.789
M81024,0.724
M81025,0.807
M81026,0.864
M81027,0.856
M81029,0.858
M81032,0.894
M81033,0.883
M81034,0.723
M81035,0.711
M81037,0.828
M81038,0.749
M81039,0.824
M81040,0.744
M81041,0.769
M81042,0.809
M81043,0.781
M81044,0.775
M81045,0.724
M81046,0.8
M81047,0.753
M81048,0.751
M81049,0.806
M81054,0.793
M81055,0.735
M81056,0.729
M81057,0.806
M81058,0.79
M81061,0.9
M81062,0.73
M81063,0.839
M81064,0.9
M81066,0.9
M81067,0.853
M81068,0.83
M81069,0.821
M81070,0.877
M81072,0.883
M81074,0.748
M81075,0.862
M81076,0.813
M81077,0.717
M81078,0.764
M81081,0.787
M81082,0.709
M81083,0.795
M81084,0.74
M81090,0.875
M81091,0.772
M81092,0.769
M81093,0.784
M81094,0.731
M81600,0.837
M81604,0.723
M81605,0.816
M81608,0.732
M81616,0.756
M81617,0.752
M81627,0.845
M81629,0.855
M82002,0.858
M82003,0.873
M82004,0.883
M82005,0.734
M82006,0.895
M82007,0.888
M82008,0.731
M82009,0.797
M82010,0.711
M82011,0.776
M82012,0.742
M82013,0.711
M82014,0.72
M82016,0.769
M82017,0.731
M82018,0.888
M82019,0.795
M82020,0.835
M82021,0.775
M82022,0.754
M82023,0.701
M82024,0.735
M82025,0.81
M82026,0.836
M82028,0.789
M82030,0.897
M82031,0.8
M82032,0.845
M82033,0.897
M82034,0.726
M82035,0.742
M82038,0.824
M82039,0.871
M82040,0.765
M82041,0.773
M82042,0.89
M82043,0.834
M82046,0.767
M82047,0.895
M82048,0.718
M82051,0.759
M82056,0.82
M82057,0.842
M82058,0.742
M82059,0.868
M82060,0.734
M82601,0.897
M82606,0.777
M82616,0.792
M82620,0.714
M83001,0.859
M83004,0.845
M83005,0.735
M83006,0.731
M83007,0.821
M83009,0.78
M83010,0.757
M83011,0.792
M83012,0.773
M83013,0.821
M83014,0.77
M83015,0.765
M83016,0.895
M83017,0.828
M83018,0.755
M83020,0.737
M83021,0.875
M83022,0.759
M83023,0.715
M83024,0.733
M83025,0.852
M83026,0.719
M83027,0.73
M83028,0.702
M83030,0.762
M83031,0.725
M83032,0.792
M83033,0.859
M83034,0.834
M83035,0.704
M83036,0.804
M83037,0.835
M83038,0.741
M83042,0.838
M83044,0.794
M83045,0.896
M83046,0.704
M83047,0.739
M83048,0.818
M83049,0.706
M83050,0.705
M83051,0.73
M83052,0.74
M83054,0.782
M83056,0.749
M83057,0.715
M83059,0.833
M83061,0.861
M83062,0.775
M83063,0.746
M83065,0.826
M83066,0.759
M83067,0.702
M83068,0.738
M83069,0.731
M83070,0.732
M83071,0.862
M83072,0.816
M83073,0.848
M83074,0.831
M83075,0.71
M83076,0.735
M83079,0.756
M83084,0.834
M83088,0.843
M83089,0.806
M83090,0.834
M83092,0.848
M83093,0.755
M83094,0.895
M83096,0.719
M83097,0.873
M83100,0.884
M83102,0.741
M83103,0.785
M83107,0.808
M83108,0.706
M83109,0.893
M83110,0.775
M83111,0.716
M83113,0.734
M83117,0.881
M83121,0.778
M83122,0.82
M83123,0.889
M83125,0.824
M83126,0.705
M83127,0.767
M83129,0.731
M83130,0.804
M83132,0.811
M83138,0.797
M83139,0.734
M83140,0.785
M83141,0.702
M83143,0.893
M83146,0.834
M83148,0.9
M83601,0.887
M83608,0.891
M83616,0.815
M83617,0.704
M83619,0.875
M83624,0.784
M83625,0.741
M83627,0.775
M83632,0.741
M83637,0.826
M83638,0.815
M83640,0.793
M83641,0.784
M83650,0.792
M83661,0.855
M83668,0.849
M83670,0.851
M83680,0.822
M83681,0.847
M83682,0.731
M83691,0.808
M83693,0.797
M83697,0.796
M83698,0.759
M83701,0.765
M83703,0.892
M83709,0.742
M83711,0.707
M83713,0.732
M83715,0.857
M83717,0.885
M83718,0.854
M83719,0.727
M83723,0.799
M83725,0.752
M83727,0.831
M83738,0.782
M84001,0.743
M84002,0.799
M84003,0.885
M84004,0.803
M84005,0.759
M84006,0.708
M84007,0.796
M84008,0.886
M84009,0.701
M84010,0.707
M84011,0.848
M84012,0.846
M84013,0.705
M84014,0.841
M84015,0.794
M84016,0.842
M84017,0.806
M84018,0.897
M84019,0.825
M84020,0.86
M84021,0.775
M84022,0.814
M84023,0.701
M84024,0.806
M84025,0.894
M84026,0.824
M84028,0.84
M84029,0.739
M84030,0.753
M84031,0.821
M84032,0.774
M84034,0.84
M84035,0.757
M84036,0.868
M84037,0.814
M84040,0.793
M84041,0.771
M84042,0.728
M84043,0.898
M84044,0.898
M84046,0.786
M84047,0.841
M84049,0.877
M84050,0.893
M84051,0.794
M84055,0.754
M84059,0.808
M84060,0.837
M84061,0.854
M84062,0.879
M84063,0.822
M84064,0.838
M84065,0.859
M84066,0.845
M84067,0.815
M84069,0.765
M84070,0.898
M84609,0.715
M84612,0.707
M84615,0.743
M84616,0.796
M84618,0.753
M84620,0.859
M84621,0.821
M84627,0.873
M84629,0.75
M85001,0.781
M85002,0.853
M85005,0.827
M85006,0.702
M85007,0.869
M85008,0.732
M85009,0.766
M85011,0.812
M85013,0.893
M85014,0.893
M85016,0.804
M85018,0.8
M85019,0.848
M85020,0.824
M85021,0.798
M85023,0.886
M85024,0.737
M85025,0.75
M85026,0.897
M85027,0.753
M85028,0.805
M85029,0.862
M85030,0.775
M85031,0.814
M85033,0.804
M85034,0.797
M85035,0.885
M85037,0.846
M85041,0.82
M85042,0.718
M85043,0.718
M85046,0.83
M85047,0.729
M85048,0.835
M85051,0.711
M85053,0.801
M85055,0.762
M85056,0.851
M85058,0.826
M85060,0.768
M85061,0.759
M85062,0.79
M85063,0.871
M85065,0.712
M85066,0.708
M85069,0.72
M85070,0.777
M85071,0.85
M85074,0.781
M85076,0.717
M85077,0.818
M85078,0.733
M85079,0.798
M85081,0.733
M85082,0.713
M85084,0.868
M85086,0.728
M85087,0.861
M85088,0.896
M85094,0.706
M85097,0.859
M85098,0.892
M85105,0.842
M85107,0.773
M85108,0.758
M85110,0.754
M85113,0.722
M85115,0.893
M85116,0.891
M85117,0.74
M85118,0.752
M85123,0.868
M85124,0.787
M85128,0.776
M85134,0.894
M85136,0.806
M85139,0.841
M85141,0.84
M85142,0.74
M85143,0.739
M85145,0.701
M85146,0.745
M85149,0.708
M85153,0.885
M85154,0.795
M85155,0.77
M85156,0.89
M85158,0.863
M85164,0.852
M85167,0.742
M85170,0.821
M85171,0.728
M85172,0.875
M85174,0.729
M85175,0.727
M85176,0.753
M85177,0.795
M85178,0.819
M85179,0.731
M85600,0.79
M85624,0.763
M85634,0.824
M85642,0.87
M85669,0.771
M85670,0.841
M85671,0.83
M85676,0.72
M85679,0.854
M85680,0.753
M85684,0.823
M85686,0.878
M85693,0.842
M85694,0.86
M85697,0.713
M85699,0.711
M85701,0.791
M85706,0.804
M85711,0.883
M85713,0.791
M85715,0.739
M85716,0.802
M85717,0.869
M85721,0.759
M85722,0.837
M85730,0.801
M85732,0.722
M85733,0.736
M85735,0.708
M85736,0.785
M85739,0.82
M85746,0.821
M85749,0.789
M85756,0.714
M85757,0.87
M85759,0.721
M85766,0.792
M85770,0.78
M85774,0.859
M85778,0.715
M85779,0.807
M85781,0.831
M85783,0.847
M85792,0.821
M85794,0.718
M85797,0.801
M85803,0.712
M86001,0.764
M86002,0.771
M86003,0.871
M86004,0.854
M86005,0.836
M86006,0.832
M86007,0.723
M86008,0.803
M86009,0.736
M86010,0.799
M86012,0.745
M86014,0.727
M86015,0.749
M86016,0.735
M86017,0.754
M86018,0.816
M86019,0.791
M86020,0.823
M86021,0.775
M86027,0.875
M86028,0.815
M86029,0.889
M86030,0.827
M86032,0.744
M86033,0.724
M86034,0.86
M86035,0.749
M86037,0.883
M86038,0.83
M86039,0.8
M86040,0.727
M86041,0.887
M86044,0.884
M86045,0.706
M86046,0.858
M86048,0.818
M86605,0.712
M86610,0.81
M86612,0.709
M86617,0.843
M86622,0.708
M86624,0.765
M86627,0.831
M86633,0.873
M86638,0.836
M87001,0.765
M87003,0.854
M87005,0.73
M87006,0.716
M87007,0.71
M87008,0.74
M87009,0.752
M87010,0.818
M87011,0.787
M87012,0.738
M87013,0.806
M87014,0.846
M87015,0.708
M87016,0.757
M87017,0.743
M87018,0.895
M87019,0.748
M87020,0.794
M87021,0.816
M87023,0.892
M87024,0.734
M87025,0.798
M87026,0.867
M87027,0.86
M87028,0.816
M87030,0.776
M87034,0.895
M87036,0.868
M87037,0.702
M87041,0.804
M87601,0.9
M87602,0.816
M87605,0.9
M87612,0.84
M87617,0.807
M87618,0.779
M87620,0.759
M87621,0.705
M87623,0.852
M87628,0.827
M87638,0.784
M88001,0.843
M88002,0.894
M88003,0.774
M88004,0.708
M88006,0.764
M88007,0.838
M88008,0.81
M88009,0.812
M88010,0.728
M88013,0.719
M88014,0.771
M88015,0.758
M88016,0.83
M88018,0.718
M88019,0.72
M88020,0.731
M88021,0.88
M88022,0.842
M88023,0.799
M88026,0.719
M88030,0.879
M88031,0.868
M88035,0.868
M88038,0.851
M88040,0.856
M88041,0.757
M88042,0.868
M88043,0.859
M88044,0.737
M88600,0.729
M88610,0.831
M88612,0.713
M88616,0.796
M88618,0.743
M88619,0.855
M88620,0.705
M88625,0.803
M88626,0.832
M88628,0.871
M88630,0.722
M88633,0.806
M88635,0.879
M88639,0.782
M88640,0.829
M88643,0.708
M88645,0.783
M88646,0.779
M88647,0.799
M89001,0.741
M89002,0.722
M89003,0.808
M89005,0.828
M89007,0.839
M89008,0.71
M89009,0.795
M89010,0.891
M89012,0.732
M89013,0.809
M89015,0.762
M89016,0.837
M89017,0.773
M89019,0.893
M89021,0.774
M89024,0.842
M89026,0.729
M89027,0.721
M89030,0.714
M89608,0.799
M91003,0.792
M91004,0.753
M91007,0.729
M91008,0.872
M91009,0.837
M91010,0.841
M91011,0.802
M91013,0.783
M91014,0.743
M91015,0.738
M91016,0.846
M91017,0.838
M91018,0.81
M91019,0.815
M91020,0.729
M91021,0.728
M91024,0.776
M91026,0.841
M91028,0.721
M91029,0.856
M91032,0.807
M91033,0.88
M91034,0.705
M91036,0.738
M91602,0.732
M91609,0.791
M91611,0.851
M91612,0.739
M91613,0.706
M91614,0.838
M91616,0.839
M91619,0.723
M91621,0.705
M91623,0.831
M91624,0.887
M91626,0.763
M91628,0.767
M91629,0.762
M91637,0.734
M91639,0.815
M91640,0.822
M91641,0.822
M91642,0.706
M91647,0.271
M91650,0.265
M91654,0.298
M91659,0.297
M91660,0.276
M92001,0.227
M92004,0.283
M92006,0.202
M92007,0.204
M92008,0.269
M92009,0.299
M92010,0.283
M92011,0.252
M92012,0.227
M92013,0.245
M92015,0.206
M92016,0.264
M92019,0.278
M92022,0.27
M92026,0.207
M92028,0.204
M92029,0.289
M92039,0.268
M92040,0.263
M92041,0.287
M92043,0.25
M92607,0.275
M92609,0.228
M92612,0.271
M92627,0.282
M92629,0.238
M92630,0.228
M92640,0.295
M92649,0.263
M92654,0.216
N81001,0.275
N81002,0.286
N81005,0.274
N81006,0.271
N81007,0.299
N81008,0.286
N81009,0.3
N81010,0.202
N81011,0.211
N81012,0.279
N81013,0.264
N81014,0.233
N81016,0.223
N81018,0.277
N81019,0.254
N81020,0.271
N81022,0.256
N81024,0.249
N81025,0.238
N81027,0.238
N81028,0.279
N81029,0.294
N81030,0.277
N81031,0.214
N81032,0.258
N81033,0.239
N81034,0.254
N81035,0.289
N81036,0.269
N81037,0.29
N81038,0.256
N81039,0.221
N81040,0.266
N81041,0.218
N81043,0.217
N81044,0.207
N81045,0.295
N81046,0.281
N81047,0.221
N81048,0.235
N81049,0.239
N81050,0.297
N81051,0.215
N81052,0.297
N81053,0.219
N81054,0.228
N81055,0.221
N81056,0.246
N81057,0.286
N81059,0.272
N81060,0.282
N81061,0.238
N81062,0.228
N81063,0.225
N81064,0.215
N81065,0.208
N81066,0.204
N81067,0.292
N81068,0.247
N81069,0.216
N81070,0.201
N81071,0.275
N81072,0.278
N81074,0.247
N81075,0.264
N81077,0.263
N81079,0.226
N81080,0.218
N81081,0.2
N81082,0.291
N81083,0.298
N81084,0.266
N81085,0.227
N81086,0.268
N81087,0.235
N81088,0.222
N81089,0.287
N81090,0.261
N81092,0.248
N81093,0.265
N81096,0.282
N81097,0.225
N81100,0.2
N81101,0.208
N81102,0.22
N81107,0.21
N81108,0.202
N81109,0.239
N81111,0.293
N81113,0.208
N81114,0.222
N81115,0.255
N81117,0.261
N81118,0.219
N81119,0.253
N81120,0.3
N81121,0.225
N81122,0.264
N81123,0.266
N81125,0.282
N81127,0.246
N81607,0.226
N81614,0.21
N81619,0.261
N81623,0.297
N81624,0.258
N81626,0.278
N81628,0.279
N81632,0.282
N81637,0.246
N81642,0.266
N81645,0.233
N81651,0.241
N81655,0.212
N82001,0.247
N82002,0.26
N82003,0.289
N82004,0.233
N82009,0.289
N82011,0.226
N82014,0.266
N82018,0.276
N82019,0.226
N82022,0.284
N82024,0.234
N82026,0.22
N82033,0.203
N82034,0.277
N82035,0.212
N82036,0.229
N82037,0.202
N82039,0.297
N82041,0.295
N82046,0.251
N82048,0.262
N82049,0.2
N82050,0.224
N82052,0.293
N82053,0.259
N82054,0.253
N82058,0.285
N82059,0.284
N82062,0.29
N82065,0.299
N82066,0.201
N82067,0.249
N82070,0.222
N82073,0.299
N82074,0.221
N82076,0.222
N82077,0.268
N82078,0.293
N82079,0.269
N82081,0.279
N82082,0.292
N82083,0.232
N82084,0.293
N82086,0.212
N82087,0.234
N82089,0.232
N82090,0.237
N82091,0.299
N82092,0.29
N82093,0.23
N82094,0.241
N82095,0.277
N82097,0.285
N82099,0.28
N82101,0.258
N82103,0.217
N82104,0.256
N82106,0.214
N82107,0.21
N82108,0.254
N82109,0.256
N82110,0.279
N82113,0.285
N82115,0.202
N82116,0.285
N82117,0.217
N82617,0.214
N82633,0.261
N82641,0.242
N82645,0.292
N82646,0.243
N82648,0.237
N82650,0.217
N82651,0.228
N82655,0.289
N82662,0.249
N82663,0.257
N82664,0.268
N82668,0.257
N82669,0.271
N82670,0.261
N82671,0.298
N82676,0.215
N82678,0.294
N83001,0.27
N83002,0.204
N83003,0.246
N83005,0.205
N83006,0.258
N83007,0.232
N83008,0.211
N83009,0.234
N83010,0.217
N83012,0.298
N83013,0.288
N83014,0.268
N83015,0.266
N83017,0.274
N83018,0.245
N83019,0.243
N83020,0.256
N83021,0.211
N83023,0.279
N83024,0.281
N83025,0.285
N83026,0.27
N83027,0.202
N83028,0.211
N83030,0.286
N83031,0.294
N83032,0.225
N83033,0.251
N83035,0.278
N83041,0.287
N83043,0.27
N83045,0.262
N83047,0.253
N83049,0.213
N83050,0.227
N83053,0.257
N83054,0.207
N83055,0.294
N83601,0.248
N83603,0.223
N83605,0.259
N83608,0.218
N83609,0.207
N83610,0.266
N83614,0.28
N83619,0.219
N83620,0.233
N83621,0.271
N83622,0.256
N83624,0.201
N83628,0.294
N83633,0.207
N83635,0.281
N83637,0.255
N84001,0.259
N84002,0.265
N84003,0.235
N84004,0.205
N84005,0.28
N84006,0.289
N84007,0.238
N84008,0.262
N84010,0.283
N84011,0.281
N84012,0.286
N84013,0.28
N84014,0.249
N84015,0.287
N84016,0.22
N84017,0.246
N84018,0.227
N84019,0.205
N84020,0.227
N84021,0.244
N84023,0.274
N84024,0.224
N84025,0.264
N84026,0.264
N84027,0.236
N84028,0.219
N84029,0.287
N84034,0.272
N84035,0.26
N84037,0.244
N84038,0.26
N84041,0.283
N84043,0.256
N84605,0.289
N84613,0.287
N84614,0.263
N84615,0.283
N84617,0.259
N84621,0.214
N84625,0.228
N84626,0.247
N84627,0.277
N84630,0.254
N85002,0.263
N85003,0.235
N85005,0.213
N85006,0.292
N85007,0.257
N85008,0.27
N85009,0.259
N85012,0.227
N85013,0.247
N85014,0.248
N85015,0.219
N85016,0.277
N85017,0.26
N85018,0.252
N85019,0.217
N85020,0.207
N85021,0.286
N85022,0.26
N85023,0.254
N85024,0.232
N85025,0.262
N85027,0.214
N85028,0.235
N85031,0.228
N85032,0.201
N85037,0.224
N85038,0.211
N85044,0.249
N85046,0.272
N85047,0.293
N85048,0.284
N85051,0.282
N85052,0.252
N85054,0.26
N85057,0.217
N85059,0.283
N85616,0.241
N85617,0.245
N85620,0.236
N85625,0.261
N85629,0.238
N85633,0.212
N85634,0.297
N85640,0.237
N85643,0.298
N85648,0.205
P81002,0.248
P81003,0.296
P81005,0.258
P81006,0.267
P81008,0.265
P81010,0.247
P81013,0.243
P81014,0.264
P81015,0.271
P81016,0.266
P81017,0.291
P81018,0.298
P81020,0.275
P81022,0.204
P81025,0.282
P81027,0.268
P81029,0.257
P81031,0.276
P81032,0.231
P81033,0.242
P81035,0.202
P81036,0.287
P81037,0.247
P81038,0.245
P81039,0.21
P81040,0.255
P81041,0.211
P81042,0.293
P81043,0.2
P81044,0.204
P81045,0.208
P81046,0.243
P81047,0.274
P81051,0.245
P81053,0.216
P81054,0.295
P81055,0.23
P81057,0.206
P81058,0.287
P81059,0.243
P81061,0.226
P81062,0.224
P81063,0.232
P81065,0.23
P81066,0.246
P81067,0.292
P81069,0.256
P81070,0.298
P81071,0.28
P81072,0.251
P81073,0.27
P81074,0.216
P81076,0.252
P81077,0.239
P81078,0.233
P81079,0.254
P81081,0.255
P81082,0.3
P81083,0.231
P81084,0.218
P81086,0.259
P81087,0.226
P81088,0.234
P81089,0.261
P81092,0.278
P81095,0.213
P81096,0.207
P81099,0.205
P81100,0.209
P81103,0.238
P81107,0.263
P81112,0.256
P81113,0.269
P81115,0.239
P81117,0.237
P81118,0.266
P81119,0.21
P81123,0.265
P81125,0.251
P81127,0.297
P81128,0.277
P81129,0.219
P81130,0.27
P81132,0.217
P81133,0.29
P81136,0.2
P81137,0.266
P81138,0.256
P81140,0.265
P81143,0.235
P81147,0.283
P81149,0.236
P81150,0.282
P81154,0.294
P81155,0.277
P81157,0.283
P81159,0.246
P81160,0.228
P81165,0.22
P81166,0.259
P81167,0.241
P81169,0.233
P81170,0.224
P81171,0.287
P81172,0.268
P81179,0.273
P81180,0.286
P81181,0.269
P81182,0.274
P81184,0.293
P81185,0.259
P81186,0.261
P81191,0.249
P81196,0.224
P81197,0.26
P81201,0.22
P81208,0.229
P81212,0.276
P81213,0.213
P81214,0.252
P81218,0.281
P81620,0.294
P81622,0.228
P81633,0.254
P81646,0.268
P81647,0.267
P81655,0.242
P81664,0.221
P81668,0.22
P81674,0.22
P81681,0.294
P81683,0.28
P81685,0.273
P81686,0.236
P81687,0.231
P81692,0.276
P81694,0.216
P81695,0.274
P81699,0.245
P81701,0.282
P81704,0.241
P81707,0.278
P81709,0.261
P81710,0.242
P81711,0.215
P81714,0.227
P81721,0.281
P81724,0.264
P81726,0.21
P81730,0.271
P81731,0.245
P81732,0.247
P81734,0.2
P81735,0.217
P81736,0.295
P81740,0.208
P81741,0.27
P81742,0.21
P81748,0.223
P81755,0.289
P81757,0.239
P81770,0.28
P81771,0.236
P81780,0.261
P82001,0.216
P82002,0.202
P82003,0.214
P82004,0.294
P82005,0.267
P82006,0.203
P82007,0.29
P82008,0.232
P82009,0.236
P82010,0.277
P82011,0.295
P82012,0.266
P82013,0.249
P82014,0.217
P82015,0.226
P82016,0.246
P82018,0.247
P82021,0.286
P82022,0.247
P82023,0.298
P82025,0.283
P82029,0.235
P82030,0.264
P82031,0.261
P82033,0.276
P82034,0.213
P82037,0.227
P82607,0.217
P82609,0.226
P82613,0.239
P82616,0.254
P82624,0.284
P82625,0.211
P82626,0.254
P82627,0.23
P82629,0.243
P82633,0.279
P82634,0.249
P82640,0.218
P82643,0.292
P82652,0.248
P82660,0.277
P83001,0.234
P83004,0.284
P83005,0.247
P83006,0.282
P83007,0.272
P83009,0.233
P83010,0.295
P83011,0.204
P83012,0.273
P83015,0.237
P83017,0.244
P83021,0.221
P83024,0.294
P83025,0.261
P83027,0.291
P83603,0.219
P83605,0.212
P83608,0.288
P83609,0.214
P83611,0.29
P83612,0.204
P83620,0.214
P83621,0.3
P83623,0.26
P84004,0.23
P84005,0.214
P84009,0.288
P84010,0.281
P84012,0.252
P84014,0.255
P84016,0.292
P84017,0.211
P84018,0.283
P84019,0.221
P84020,0.205
P84021,0.207
P84022,0.259
P84023,0.201
P84024,0.238
P84025,0.205
P84026,0.263
P84027,0.288
P84028,0.234
P84029,0.29
P84030,0.295
P84032,0.261
P84033,0.265
P84034,0.238
P84035,0.209
P84037,0.298
P84038,0.213
P84039,0.215
P84040,0.273
P84041,0.206
P84042,0.252
P84043,0.26
P84045,0.262
P84046,0.267
P84047,0.284
P84048,0.278
P84049,0.228
P84050,0.231
P84051,0.274
P84052,0.268
P84053,0.231
P84054,0.216
P84056,0.287
P84059,0.235
P84061,0.264
P84064,0.273
P84065,0.264
P84066,0.223
P84067,0.29
P84068,0.213
P84070,0.208
P84071,0.213
P84072,0.223
P84074,0.246
P84605,0.276
P84611,0.247
P84626,0.288
P84630,0.2
P84635,0.286
P84637,0.267
P84639,0.297
P84640,0.269
P84644,0.205
P84645,0.255
P84650,0.279
P84651,0.219
P84663,0.27
P84665,0.253
P84669,0.292
P84672,0.27
P84673,0.273
P84678,0.253
P84679,0.248
P84683,0.218
P84684,0.245
P84689,0.209
P84690,0.2
P85002,0.273
P85003,0.282
P85004,0.283
P85005,0.201
P85007,0.24
P85010,0.25
P85011,0.221
P85012,0.29
P85013,0.284
P85014,0.224
P85015,0.241
P85016,0.284
P85017,0.223
P85018,0.285
P85019,0.287
P85020,0.249
P85021,0.288
P85022,0.221
P85026,0.265
P85028,0.258
P85601,0.216
P85605,0.298
P85606,0.269
P85608,0.209
P85610,0.213
P85612,0.206
P85614,0.243
P85615,0.222
P85621,0.264
P85622,0.236
P86001,0.214
P86002,0.237
P86003,0.215
P86004,0.224
P86005,0.227
P86006,0.2
P86007,0.28
P86008,0.2
P86009,0.211
P86010,0.281
P86011,0.266
P86012,0.21
P86013,0.298
P86014,0.255
P86015,0.269
P86016,0.264
P86017,0.255
P86018,0.273
P86019,0.288
P86021,0.205
P86022,0.251
P86023,0.253
P86026,0.25
P86602,0.228
P86606,0.204
P86608,0.245
P86609,0.271
P86614,0.218
P86619,0.236
P86620,0.212
P86624,0.202
P87002,0.244
P87004,0.213
P87008,0.279
P87015,0.29
P87016,0.292
P87017,0.24
P87019,0.292
P87020,0.208
P87022,0.201
P87024,0.297
P87025,0.271
P87026,0.289
P87027,0.22
P87028,0.282
P87032,0.234
P87035,0.252
P87040,0.207
P87610,0.221
P87613,0.251
P87618,0.219
P87620,0.282
P87624,0.258
P87625,0.251
P87627,0.25
P87630,0.205
P87634,0.226
P87639,0.239
P87648,0.251
P87649,0.222
P87651,0.243
P87654,0.3
P87657,0.202
P87658,0.28
P87661,0.254
P88002,0.251
P88003,0.294
P88005,0.276
P88006,0.234
P88007,0.216
P88008,0.237
P88009,0.277
P88011,0.25
P88012,0.213
P88013,0.253
P88014,0.237
P88015,0.211
P88016,0.227
P88017,0.27
P88018,0.236
P88019,0.281
P88020,0.2
P88021,0.21
P88023,0.286
P88024,0.212
P88025,0.219
P88026,0.283
P88031,0.212
P88041,0.21
P88042,0.254
P88043,0.257
P88044,0.29
P88606,0.261
P88615,0.28
P88623,0.29
P88625,0.257
P88632,0.294
P89002,0.225
P89003,0.224
P89004,0.216
P89005,0.262
P89006,0.207
P89007,0.27
P89008,0.237
P89010,0.281
P89011,0.269
P89012,0.26
P89013,0.282
P89014,0.201
P89015,0.266
P89016,0.285
P89018,0.227
P89020,0.237
P89021,0.209
P89022,0.227
P89023,0.212
P89025,0.25
P89026,0.247
P89029,0.266
P89030,0.214
P89602,0.258
P89609,0.259
P89612,0.24
P89613,0.211
P89618,0.29
P91003,0.204
P91004,0.297
P91006,0.259
P91007,0.217
P91008,0.232
P91009,0.201
P91011,0.256
P91012,0.229
P91013,0.225
P91014,0.234
P91016,0.252
P91017,0.285
P91018,0.214
P91019,0.242
P91020,0.248
P91021,0.218
P91026,0.276
P91029,0.241
P91035,0.26
P91603,0.229
P91604,0.268
P91617,0.288
P91623,0.296
P91627,0.217
P91629,0.204
P91631,0.29
P91633,0.213
P92001,0.273
P92002,0.256
P92003,0.258
P92004,0.268
P92005,0.231
P92006,0.29
P92007,0.223
P92008,0.247
P92010,0.249
P92011,0.234
P92012,0.294
P92014,0.28
P92015,0.22
P92016,0.268
P92017,0.205
P92019,0.218
P92020,0.25
P92021,0.297
P92023,0.269
P92024,0.286
P92026,0.237
P92028,0.216
P92029,0.283
P92030,0.208
P92031,0.228
P92033,0.269
P92034,0.292
P92038,0.242
P92041,0.262
P92042,0.236
P92602,0.219
P92605,0.201
P92607,0.214
P92615,0.292
P92620,0.219
P92621,0.246
P92626,0.271
P92630,0.288
P92633,0.253
P92634,0.244
P92635,0.246
P92637,0.237
P92639,0.25
P92642,0.282
P92646,0.208
P92647,0.221
P92648,0.225
P92651,0.227
P92653,0.236
Y00020,0.295
Y00026,0.2
Y00033,0.214
Y00049,0.261
Y00050,0.279
Y00054,0.222
Y00056,0.251
Y00057,0.274
Y00060,0.221
Y00078,0.242
Y00080,0.293
Y00081,0.243
Y00090,0.244
Y00137,0.256
Y00140,0.235
Y00155,0.282
Y00159,0.272
Y00182,0.271
Y00184,0.279
Y00185,0.22
Y00186,0.244
Y00200,0.265
Y00206,0.264
Y00228,0.295
Y00252,0.207
Y00265,0.251
Y00278,0.231
Y00286,0.285
Y00293,0.254
Y00297,0.277
Y00312,0.203
Y00316,0.26
Y00328,0.25
Y00344,0.244
Y00347,0.288
Y00351,0.216
Y00352,0.202
Y00361,0.271
Y00399,0.238
Y00403,0.238
Y00411,0.26
Y00412,0.203
Y00437,0.216
Y00445,0.253
Y00446,0.22
Y00469,0.206
Y00471,0.268
Y00475,0.237
Y00486,0.29
Y00492,0.276
Y00507,0.298
Y00522,0.246
Y00560,0.247
Y00568,0.211
Y00589,0.251
Y00612,0.245
Y00726,0.288
Y00758,0.229
Y00774,0.258
Y00902,0.248
Y00912,0.287
Y00918,0.259
Y00969,0.259
Y00996,0.248
Y00999,0.271
Y01008,0.278
Y01011,0.207
Y01050,0.22
Y01051,0.203
Y01057,0.272
Y01066,0.275
Y01068,0.292
Y01090,0.251
Y01108,0.248
Y01118,0.248
Y01124,0.22
Y01127,0.228
Y01132,0.292
Y01163,0.212
Y01206,0.21
Y01221,0.269
Y01262,0.244
Y01280,0.203
Y01281,0.276
Y01291,0.285
Y01652,0.262
Y01655,0.281
Y01690,0.205
Y01695,0.201
Y01719,0.299
Y01756,0.221
Y01794,0.263
Y01795,0.241
Y01812,0.263
Y01839,0.283
Y01845,0.234
Y01922,0.283
Y01924,0.271
Y01929,0.288
Y01948,0.247
Y01964,0.222
Y02002,0.291
Y02045,0.222
Y02117,0.276
Y02177,0.246
Y02212,0.249
Y02274,0.286
Y02319,0.277
Y02321,0.223
Y02322,0.295
Y02325,0.273
Y02332,0.208
Y02342,0.297
Y02354,0.291
Y02378,0.252
Y02414,0.267
Y02423,0.235
Y02442,0.266
Y02463,0.258
Y02466,0.288
Y02469,0.259
Y02476,0.288
Y02494,0.236
Y02510,0.268
Y02517,0.242
Y02519,0.275
Y02520,0.263
Y02521,0.222
Y02526,0.3
Y02567,0.239
Y02571,0.295
Y02572,0.295
Y02575,0.238
Y02578,0.205
Y02586,0.27
Y02589,0.22
Y02594,0.231
Y02605,0.259
Y02606,0.236
Y02611,0.292
Y02622,0.221
Y02625,0.273
Y02626,0.244
Y02627,0.264
Y02633,0.297
Y02636,0.263
Y02639,0.23
Y02645,0.253
Y02646,0.277
Y02653,0.251
Y02657,0.244
Y02663,0.214
Y02669,0.245
Y02671,0.295
Y02672,0.254
Y02674,0.245
Y02676,0.251
Y02684,0.232
Y02686,0.296
Y02692,0.252
Y02701,0.244
Y02707,0.288
Y02713,0.288
Y02718,0.285
Y02720,0.298
Y02721,0.236
Y02736,0.238
Y02747,0.211
Y02751,0.281
Y02753,0.225
Y02755,0.266
Y02757,0.292
Y02767,0.292
Y02769,0.3
Y02787,0.258
Y02790,0.294
Y02794,0.26
Y02795,0.214
Y02807,0.274
Y02811,0.252
Y02827,0.254
Y02842,0.27
Y02847,0.235
Y02849,0.266
Y02867,0.276
Y02873,0.233
Y02875,0.299
Y02885,0.218
Y02886,0.242
Y02890,0.273
Y02893,0.209
Y02900,0.291
Y02906,0.217
Y02928,0.213
Y02933,0.276
Y02936,0.202
Y02946,0.24
Y02960,0.21
Y02962,0.217
Y02973,0.227
Y02974,0.207
Y02986,0.297
Y02987,0.221
Y03023,0.215
Y03035,0.209
Y03049,0.247
Y03052,0.255
Y03063,0.216
Y03079,0.2
Y03103,0.263
Y03124,0.23
Y03135,0.253
Y03222,0.204
Y03296,0.233
Y03366,0.287
Y03402,0.298
Y03441,0.293
Y03584,0.262
Y03595,0.217
Y03597,0.215
Y03602,0.28
Y03663,0.237
Y03664,0.254
Y03671,0.287
Y03755,0.233
Y04225,0.23
Y04266,0.215
Y04273,0.257
Y04662,0.246
Y04664,0.298
Y04809,0.265
Y04882,0.25
Y04884,0.299
Y04925,0.231
Y04957,0.235
Y04965,0.211
Y04968,0.273
Y04969,0.279
Y04977,0.249
Y04995,0.295
Y05023,0.278
Y05080,0.236
Y05167,0.277
Y05212,0.268
Y05286,0.245
Y05291,0.287
Y05317,0.223
Y05318,0.212
Y05330,0.201
Y05346,0.243
Y05349,0.254
Y05363,0.235
Y05364,0.269
Y05369,0.212
Y05412,0.274
Y05622,0.284
Y05690,0.21
Y05733,0.211
Y05750,0.281
Y05788,0.278
Y05826,0.292
Y05857,0.233
Y06007,0.225
Y06095,0.253
Y06113,0.249
Y06218,0.26
Y06275,0.3
Y06345,0.278
Y06356,0.294
Y06378,0.253
Y06389,0.252
Y06443,0.265
Y06499,0.267
Y06507,0.203
Y06545,0.274
Y06592,0.218
Y06659,0.233
Y06792,0.28
Y06810,0.212
Y07014,0.245
Y07016,0.282
Y07020,0.228
Y07025,0.279
Y07057,0.29
Y07059,0.298
Y07060,0.205
Y07274,0.296
Y07275,0.272
Y07377,0.246